domain,task,encoder,num_samples,train_size,val_size,test_size,num_classes,min_class_frac,task_type,source,knn_accuracy,linear_accuracy,mlp_accuracy,tabicl_zeroshot_accuracy,xgboost_accuracy,knn_auroc,linear_auroc,mlp_auroc,tabicl_zeroshot_auroc,xgboost_auroc,ours_seed42_regime,ours_seed42_accuracy,ours_seed42_auroc,ours_seed123_regime,ours_seed123_accuracy,ours_seed123_auroc,ours_seed456_regime,ours_seed456_accuracy,ours_seed456_auroc,ours_seed789_regime,ours_seed789_accuracy,ours_seed789_auroc,ours_lodo_accuracy,ours_lodo_auroc
audio,audio_crema_d,ast_audioset,2000,1200,400,400,6,0.1465,multiclass,HuggingFace (confit/crema-d),0.43,0.4675,0.51,0.5,0.47,0.7196250715638124,0.7938559218825816,0.8037123836372504,0.8103444844356856,0.7821949438479501,unseen_encoders,0.525,0.8230569740513208,unseen_encoders,0.52,0.8239892900862517,unseen_both,0.525,0.8200094467419742,unseen_encoders,0.5175,0.8238865565996841,0.5025,0.8136202969300182
audio,audio_crema_d,clap_general,2000,1200,400,400,6,0.1465,multiclass,HuggingFace (confit/crema-d),0.44,0.44,0.49,0.4875,0.4425,0.7213622428665446,0.775611063356389,0.7975682228647386,0.7990009819251944,0.7782868831120927,seen,0.4975,0.8101081146006038,seen,0.5,0.8129871445057432,unseen_tasks,0.5,0.8066449152294801,seen,0.505,0.8106853011835033,0.495,0.802270454097478
audio,audio_crema_d,wavlm_base_plus,2000,1200,400,400,6,0.1465,multiclass,HuggingFace (confit/crema-d),0.3975,0.5225,0.545,0.48,0.4625,0.7028717987488519,0.8275009485821933,0.8380144431826452,0.8266320906151158,0.7931755184620314,seen,0.5425,0.8523613266915592,seen,0.5575,0.85603424810054,unseen_tasks,0.535,0.8382718054299114,seen,0.5375,0.8424690489793921,0.495,0.8264749709864154
audio,audio_crema_d,whisper_large_v3_turbo,2000,1200,400,400,6,0.1465,multiclass,HuggingFace (confit/crema-d),0.385,0.6175,0.6075,0.5375,0.53,0.7184285859168352,0.8928133695737764,0.8905385065041639,0.8555147877139966,0.8384761613307408,seen,0.6025,0.8889334063180042,seen,0.6325,0.8928174596467467,unseen_tasks,0.62,0.8942212745996971,seen,0.615,0.8903194090443743,0.59,0.8821774656706597
audio,audio_emodb,ast_audioset,535,321,107,107,7,0.086,multiclass,HuggingFace (renumics/emodb),0.616822429906542,0.6728971962616822,0.6728971962616822,0.6915887850467289,0.5514018691588785,0.9013110677364354,0.9289006336568137,0.932670850701357,0.9235652457560226,0.840771314262527,unseen_encoders,0.7476635514018691,0.9429901588524013,unseen_both,0.7383177570093458,0.9397446543185063,unseen_encoders,0.7570093457943925,0.9465760803405467,unseen_encoders,0.7383177570093458,0.9391262158487211,0.7102803738317757,0.9432696703942088
audio,audio_emodb,clap_general,535,321,107,107,7,0.086,multiclass,HuggingFace (renumics/emodb),0.6915887850467289,0.6915887850467289,0.719626168224299,0.6261682242990654,0.5233644859813084,0.9028029618794687,0.9275514912876636,0.9333100580772017,0.9208762174658117,0.8630844202520401,seen,0.7289719626168224,0.944040153953223,unseen_tasks,0.6728971962616822,0.9309289212782167,seen,0.6728971962616822,0.9407478145430269,seen,0.6728971962616822,0.9377230580823992,0.6822429906542056,0.93542436237238
audio,audio_emodb,wavlm_base_plus,535,321,107,107,7,0.086,multiclass,HuggingFace (renumics/emodb),0.4953271028037383,0.6728971962616822,0.7009345794392523,0.6728971962616822,0.5607476635514018,0.8209415294440207,0.9203046923228653,0.9175099718757062,0.9275014091114462,0.8800285172450121,seen,0.7009345794392523,0.9357841965908351,unseen_tasks,0.6728971962616822,0.9198778429003486,seen,0.7009345794392523,0.9268868351302573,seen,0.6915887850467289,0.9222905273817154,0.6355140186915887,0.9160564827042809
audio,audio_emodb,whisper_large_v3_turbo,535,321,107,107,7,0.086,multiclass,HuggingFace (renumics/emodb),0.48598130841121495,0.8037383177570093,0.8317757009345794,0.7757009345794392,0.616822429906542,0.761817998881728,0.970730136242231,0.9798705076156871,0.9632958067885486,0.8785316426705828,seen,0.822429906542056,0.9780714697702744,unseen_tasks,0.8037383177570093,0.9715649567170399,seen,0.8504672897196262,0.982247250780931,seen,0.8130841121495327,0.9743628797512944,0.8037383177570093,0.9705055730504545
audio,audio_esc10,ast_audioset,400,280,60,60,10,0.1,,HuggingFace (ashraq/esc50),1.0,1.0,1.0,0.9666666666666667,0.95,1.0,1.0,1.0,1.0,0.9972222222222221,unseen_encoders,0.9833333333333333,1.0,unseen_encoders,1.0,1.0,unseen_encoders,1.0,1.0,unseen_encoders,1.0,1.0,1.0,1.0
audio,audio_esc10,clap_general,400,280,60,60,10,0.1,,HuggingFace (ashraq/esc50),1.0,1.0,1.0,1.0,0.9833333333333333,1.0,1.0,1.0,1.0,0.999074074074074,seen,1.0,1.0,seen,1.0,1.0,seen,1.0,1.0,seen,1.0,1.0,1.0,1.0
audio,audio_esc10,w2v_bert_2,400,280,60,60,10,0.1,,HuggingFace (ashraq/esc50),0.7833333333333333,0.8166666666666667,0.85,0.8,0.7333333333333333,0.9791666666666667,0.9830246913580247,0.986111111111111,0.9709876543209877,0.9660493827160493,,,,,,,,,,,,,,
audio,audio_esc10,wavlm_base_plus,400,280,60,60,10,0.1,,HuggingFace (ashraq/esc50),0.8833333333333333,0.8666666666666667,0.8833333333333333,0.9166666666666666,0.8166666666666667,0.9675925925925926,0.9919753086419754,0.9910493827160494,0.9922839506172838,0.9898148148148149,seen,0.9166666666666666,0.9975308641975309,seen,0.8666666666666667,0.9969135802469136,seen,0.8666666666666667,0.9956790123456791,seen,0.8666666666666667,0.9956790123456791,0.9,0.9969135802469136
audio,audio_esc10,whisper_large_v3_turbo,400,280,60,60,10,0.1,,HuggingFace (ashraq/esc50),0.8,0.9333333333333333,0.9166666666666666,0.85,0.8166666666666667,0.9614197530864198,0.9959876543209877,0.9969135802469136,0.991358024691358,0.9820987654320987,seen,0.9166666666666666,0.9969135802469136,seen,0.9166666666666666,0.9962962962962962,seen,0.9333333333333333,0.9966049382716049,seen,0.9,0.9956790123456789,0.9166666666666666,0.9969135802469136
audio,audio_gtzan,ast_audioset,999,599,200,200,10,0.0991,multiclass,HuggingFace (marsyas/gtzan),0.81,0.835,0.845,0.805,0.695,0.9524305555555556,0.9793888888888891,0.9835277777777778,0.9777777777777779,0.9511388888888888,unseen_encoders,0.83,0.9795833333333333,unseen_encoders,0.84,0.9831111111111112,unseen_encoders,0.845,0.9811111111111112,unseen_encoders,0.825,0.9814444444444446,0.815,0.9785555555555556
audio,audio_gtzan,clap_general,999,599,200,200,10,0.0991,multiclass,HuggingFace (marsyas/gtzan),0.84,0.855,0.825,0.82,0.76,0.9727499999999999,0.9796388888888888,0.9838888888888888,0.9834166666666666,0.9553611111111111,seen,0.89,0.9868888888888888,seen,0.895,0.9878055555555555,seen,0.91,0.9878888888888889,seen,0.89,0.9869999999999999,0.88,0.9868055555555555
audio,audio_gtzan,w2v_bert_2,999,599,200,200,10,0.0991,multiclass,HuggingFace (marsyas/gtzan),0.63,0.73,0.73,0.71,0.595,0.9086111111111113,0.9512222222222222,0.9586388888888889,0.94575,0.8958055555555557,,,,,,,,,,,,,,
audio,audio_gtzan,wavlm_base_plus,999,599,200,200,10,0.0991,multiclass,HuggingFace (marsyas/gtzan),0.56,0.605,0.655,0.6,0.51,0.8634305555555555,0.9215833333333332,0.9319166666666667,0.9132777777777779,0.87325,seen,0.64,0.9341388888888889,seen,0.675,0.9398333333333332,seen,0.65,0.9391666666666666,seen,0.625,0.9353055555555555,0.615,0.9271111111111111
audio,audio_gtzan,whisper_large_v3_turbo,999,599,200,200,10,0.0991,multiclass,HuggingFace (marsyas/gtzan),0.59,0.685,0.715,0.62,0.55,0.8573611111111111,0.9431111111111111,0.9439444444444444,0.9057222222222222,0.885888888888889,seen,0.65,0.9327500000000001,seen,0.655,0.9338611111111111,seen,0.64,0.9303055555555556,seen,0.665,0.9272500000000001,0.65,0.922111111111111
audio,audio_ravdess,ast_audioset,1440,864,288,288,8,0.0667,multiclass,HuggingFace (xbgoose/ravdess),0.5138888888888888,0.5868055555555556,0.5902777777777778,0.5486111111111112,0.5034722222222222,0.8251855237398782,0.9004307565385885,0.9037498509960757,0.8809869521481519,0.847624490637978,unseen_encoders,0.59375,0.912369284028236,unseen_encoders,0.5972222222222222,0.9108983306362324,unseen_encoders,0.59375,0.9119805526608035,unseen_encoders,0.5902777777777778,0.907550201276689,0.5902777777777778,0.8996383272959092
audio,audio_ravdess,clap_general,1440,864,288,288,8,0.0667,multiclass,HuggingFace (xbgoose/ravdess),0.4826388888888889,0.6006944444444444,0.5833333333333334,0.5902777777777778,0.5520833333333334,0.8150547421740502,0.9067495556679004,0.9098705354002841,0.9023110625153414,0.8737913826238435,seen,0.6354166666666666,0.9184341913454983,seen,0.6180555555555556,0.9142615329903714,seen,0.6180555555555556,0.9195218826331015,seen,0.625,0.9186603307308873,0.5868055555555556,0.9018468236938946
audio,audio_ravdess,wavlm_base_plus,1440,864,288,288,8,0.0667,multiclass,HuggingFace (xbgoose/ravdess),0.4097222222222222,0.5972222222222222,0.6180555555555556,0.5277777777777778,0.4722222222222222,0.7518870464625687,0.8967140652018043,0.9013159289879393,0.8798663929934729,0.8366619164223681,seen,0.65625,0.9184950404943929,seen,0.6458333333333334,0.9132659208945207,seen,0.6354166666666666,0.9127054208838525,seen,0.6354166666666666,0.9174441656728203,0.6215277777777778,0.9036917677482652
audio,audio_ravdess,whisper_large_v3_turbo,1440,864,288,288,8,0.0667,multiclass,HuggingFace (xbgoose/ravdess),0.5208333333333334,0.7048611111111112,0.7083333333333334,0.6666666666666666,0.59375,0.8336833604176752,0.9436783553450341,0.9467231464072001,0.9339846626143563,0.9082611170970575,seen,0.6979166666666666,0.9546007413204636,seen,0.7013888888888888,0.9511168617649968,seen,0.7152777777777778,0.9526290599993097,seen,0.7048611111111112,0.9544854785798321,0.6979166666666666,0.9478658420889634
audio,audio_urbansound8k,ast_audioset,2000,1200,400,400,10,0.042,multiclass,HuggingFace (danavery/urbansound8K),0.8675,0.9,0.9125,0.8925,0.835,0.9789279454641193,0.9910836983425326,0.9935716466222335,0.9908243495998823,0.9826842376889756,unseen_encoders,0.91,0.9943728187597578,unseen_encoders,0.91,0.9947197357104942,unseen_encoders,0.915,0.9948452121131812,unseen_encoders,0.9125,0.9941274328399382,0.905,0.9932316585184069
audio,audio_urbansound8k,clap_general,2000,1200,400,400,10,0.042,multiclass,HuggingFace (danavery/urbansound8K),0.89,0.88,0.8875,0.8775,0.8475,0.9804664200042466,0.9880539475568735,0.9889756241217217,0.9909597355227449,0.9849249523421021,seen,0.9,0.9937015664922221,seen,0.9075,0.9940134793549802,seen,0.905,0.9939596428539422,seen,0.905,0.9936248890068018,0.89,0.9924600379855132
audio,audio_urbansound8k,wavlm_base_plus,2000,1200,400,400,10,0.042,multiclass,HuggingFace (danavery/urbansound8K),0.535,0.6175,0.635,0.63,0.595,0.8502549241004568,0.9041357038466202,0.9182955943662605,0.9273722622764744,0.9057814320860771,seen,0.665,0.945530479004377,seen,0.66,0.9442383675547189,seen,0.6675,0.9449837005383996,seen,0.6775,0.9451690796942123,0.6425,0.9445047972276601
audio,audio_urbansound8k,whisper_large_v3_turbo,2000,1200,400,400,10,0.042,multiclass,HuggingFace (danavery/urbansound8K),0.6225,0.7025,0.7025,0.6475,0.6625,0.8919570378116564,0.9457302277790577,0.9511292167784372,0.9316633831939389,0.9353502470186387,seen,0.7,0.9618879137966182,seen,0.715,0.9623598124826305,seen,0.715,0.959935732018082,seen,0.71,0.9592371551712441,0.6975,0.9573536344141615
audio,audio_voxforge_lang,ast_audioset,200,120,40,40,6,0.135,multiclass,HuggingFace (DynamicSuperb/LanguageIdentification_VoxForge),0.175,0.275,0.225,0.25,0.25,0.600161044531449,0.6349207343922417,0.6194577338511161,0.5780384729649435,0.6064386114294202,unseen_both,0.225,0.5850299940051779,unseen_encoders,0.25,0.5905528035077667,unseen_encoders,0.3,0.6219829996392497,unseen_both,0.25,0.6005171396209998,0.25,0.5727131278647822
audio,audio_voxforge_lang,clap_general,200,120,40,40,6,0.135,multiclass,HuggingFace (DynamicSuperb/LanguageIdentification_VoxForge),0.325,0.425,0.4,0.375,0.275,0.7154968739389695,0.7096817439096851,0.7315520687441643,0.7212914995543672,0.5907595187696292,unseen_tasks,0.4,0.752364081996435,seen,0.45,0.7841451940624734,seen,0.425,0.7663038207707324,unseen_tasks,0.375,0.7672328192640693,0.375,0.724719185022494
audio,audio_voxforge_lang,wavlm_base_plus,200,120,40,40,6,0.135,multiclass,HuggingFace (DynamicSuperb/LanguageIdentification_VoxForge),0.425,0.6,0.6,0.425,0.375,0.7677212646422206,0.8607591407775231,0.8669381512074529,0.804522987225193,0.7057554006451067,unseen_tasks,0.525,0.8153827070600967,seen,0.575,0.8315892578622357,seen,0.625,0.8401864827370341,unseen_tasks,0.55,0.8231014185977421,0.45,0.779206448677956
audio,audio_voxforge_lang,whisper_large_v3_turbo,200,120,40,40,6,0.135,multiclass,HuggingFace (DynamicSuperb/LanguageIdentification_VoxForge),1.0,1.0,1.0,1.0,0.725,1.0,1.0,1.0,1.0,0.9430090824208471,unseen_tasks,1.0,1.0,seen,1.0,1.0,seen,1.0,1.0,unseen_tasks,1.0,1.0,1.0,1.0
graphs,graph_aids,pyg_gat,2000,1200,400,400,2,0.2,binary,PyG TUDataset (AIDS),0.8325,0.785,0.84,0.905,0.8675,0.78455078125,0.7522265624999999,0.8734375000000001,0.96048828125,0.9073046875,seen,0.925,0.9614257812499999,seen,0.925,0.96634765625,seen,0.92,0.95666015625,unseen_tasks,0.92,0.952109375,0.9075,0.9433203125
graphs,graph_aids,pyg_gcn,2000,1200,400,400,2,0.2,binary,PyG TUDataset (AIDS),0.9175,0.8325,0.885,0.86,0.9425,0.8823828125,0.8699609374999999,0.945546875,0.8222265625,0.9616015625,seen,0.9525,0.98337890625,seen,0.95,0.98296875,seen,0.9475,0.9740625,unseen_tasks,0.94,0.9747265624999999,0.9475,0.98412109375
graphs,graph_aids,pyg_gin,2000,1200,400,400,2,0.2,binary,PyG TUDataset (AIDS),0.99,0.995,0.9925,1.0,1.0,0.9872265625000001,1.0,0.9999218750000001,1.0,1.0,seen,1.0,1.0,seen,1.0,1.0,seen,1.0,1.0,unseen_tasks,0.9975,1.0,1.0,1.0
graphs,graph_aids,pyg_sage,2000,1200,400,400,2,0.2,binary,PyG TUDataset (AIDS),0.9075,0.82,0.8925,0.545,0.9475,0.8770703125,0.8485546875000001,0.9461328125,0.8088671875000001,0.954765625,unseen_encoders,0.9525,0.97595703125,unseen_encoders,0.95,0.980390625,unseen_encoders,0.9425,0.9763867187499999,unseen_both,0.95,0.97376953125,0.95,0.9732031250000001
graphs,graph_bzr,pyg_gat,405,287,59,59,2,0.2123,,TUDataset (BZR),0.8135593220338984,0.8135593220338984,0.7457627118644068,0.8305084745762712,0.7627118644067796,0.7978723404255319,0.7730496453900709,0.7056737588652482,0.8670212765957447,0.7960992907801419,seen,0.8135593220338984,0.875886524822695,seen,0.847457627118644,0.9086879432624113,unseen_tasks,0.8305084745762712,0.8093971631205674,seen,0.8135593220338984,0.8829787234042553,0.847457627118644,0.8120567375886525
graphs,graph_bzr,pyg_gcn,405,287,59,59,2,0.2123,,TUDataset (BZR),0.8135593220338984,0.8813559322033898,0.864406779661017,0.8135593220338984,0.8305084745762712,0.8918439716312057,0.9131205673758865,0.9432624113475178,0.6879432624113475,0.8723404255319149,seen,0.864406779661017,0.8900709219858156,seen,0.864406779661017,0.9033687943262412,unseen_tasks,0.8983050847457628,0.9290780141843971,seen,0.9152542372881356,0.9397163120567376,0.8983050847457628,0.9397163120567376
graphs,graph_bzr,pyg_gin,405,287,59,59,2,0.2123,,TUDataset (BZR),0.8305084745762712,0.847457627118644,0.847457627118644,0.7966101694915254,0.8135593220338984,0.8138297872340426,0.8581560283687943,0.851063829787234,0.7278368794326241,0.8324468085106383,seen,0.864406779661017,0.8936170212765957,seen,0.8983050847457628,0.9397163120567376,unseen_tasks,0.9152542372881356,0.9397163120567376,seen,0.8983050847457628,0.9609929078014184,0.8983050847457628,0.9308510638297872
graphs,graph_bzr,pyg_sage,405,287,59,59,2,0.2123,,TUDataset (BZR),0.8305084745762712,0.8135593220338984,0.8305084745762712,0.7796610169491526,0.847457627118644,0.8705673758865248,0.8439716312056738,0.8953900709219857,0.6391843971631206,0.8936170212765957,unseen_encoders,0.8813559322033898,0.9060283687943264,unseen_encoders,0.8813559322033898,0.9556737588652482,unseen_both,0.8813559322033898,0.9459219858156028,unseen_encoders,0.8813559322033898,0.9414893617021276,0.8135593220338984,0.9122340425531915
graphs,graph_cox2,pyg_gat,467,329,69,69,2,0.2184,,TUDataset (COX2),0.7971014492753623,0.8115942028985508,0.8115942028985508,0.8260869565217391,0.8115942028985508,0.6567901234567902,0.8135802469135802,0.762962962962963,0.7166666666666667,0.6074074074074074,unseen_tasks,0.7971014492753623,0.8098765432098766,seen,0.7971014492753623,0.8117283950617284,seen,0.7971014492753623,0.795679012345679,seen,0.782608695652174,0.7993827160493827,0.7971014492753623,0.7154320987654321
graphs,graph_cox2,pyg_gcn,467,329,69,69,2,0.2184,,TUDataset (COX2),0.8405797101449275,0.8115942028985508,0.855072463768116,0.34782608695652173,0.8405797101449275,0.6771604938271605,0.7728395061728395,0.6617283950617284,0.47962962962962963,0.7814814814814814,unseen_tasks,0.7681159420289855,0.7808641975308642,seen,0.8405797101449275,0.7697530864197532,seen,0.8260869565217391,0.8098765432098766,seen,0.8260869565217391,0.8629629629629629,0.8260869565217391,0.7209876543209877
graphs,graph_cox2,pyg_gin,467,329,69,69,2,0.2184,,TUDataset (COX2),0.7681159420289855,0.8260869565217391,0.7971014492753623,0.782608695652174,0.8260869565217391,0.6969135802469136,0.7395061728395061,0.6876543209876543,0.6814814814814815,0.8296296296296296,unseen_tasks,0.7971014492753623,0.821604938271605,seen,0.7971014492753623,0.8746913580246914,seen,0.7971014492753623,0.7993827160493827,seen,0.8115942028985508,0.8660493827160494,0.782608695652174,0.7635802469135803
graphs,graph_cox2,pyg_sage,467,329,69,69,2,0.2184,,TUDataset (COX2),0.8405797101449275,0.8405797101449275,0.855072463768116,0.6521739130434783,0.8260869565217391,0.760493827160494,0.8617283950617284,0.7864197530864199,0.654320987654321,0.7641975308641975,unseen_both,0.8405797101449275,0.8641975308641976,unseen_encoders,0.855072463768116,0.8351851851851851,unseen_encoders,0.8405797101449275,0.7938271604938272,unseen_encoders,0.8405797101449275,0.8635802469135803,0.8260869565217391,0.8271604938271604
graphs,graph_dd,pyg_gat,1178,706,236,236,2,0.4134,binary,PyG TUDataset (DD),0.6313559322033898,0.6398305084745762,0.6271186440677966,0.7542372881355932,0.690677966101695,0.6579025439442261,0.5986798190313728,0.6052807238745086,0.8098716902766447,0.768226655788771,unseen_tasks,0.75,0.8112067047393013,seen,0.7245762711864406,0.8126158866721056,seen,0.7288135593220338,0.8164725951197803,seen,0.7330508474576272,0.8165467625899281,0.7372881355932204,0.811651709560187
graphs,graph_dd,pyg_gcn,1178,706,236,236,2,0.4134,binary,PyG TUDataset (DD),0.673728813559322,0.6440677966101694,0.597457627118644,0.6949152542372882,0.7245762711864406,0.6997700808425424,0.6626863457687457,0.625454275754654,0.7684862419342876,0.7685233256693614,unseen_tasks,0.7627118644067796,0.8247051843061634,seen,0.7542372881355932,0.8313060891492992,seen,0.7627118644067796,0.8308610843284135,seen,0.7415254237288136,0.8165838463250018,0.7627118644067796,0.816732181265297
graphs,graph_dd,pyg_gin,1178,706,236,236,2,0.4134,binary,PyG TUDataset (DD),0.7669491525423728,0.7033898305084746,0.7542372881355932,0.673728813559322,0.7457627118644068,0.8079433360528072,0.7562856930950086,0.8214047318845954,0.7194244604316546,0.7763850775050063,unseen_tasks,0.7372881355932204,0.8177705258473633,seen,0.7796610169491526,0.8309723355336349,seen,0.7627118644067796,0.8311577542090038,seen,0.7457627118644068,0.8352369650671215,0.7627118644067796,0.8193280427204629
graphs,graph_dd,pyg_sage,1178,706,236,236,2,0.4134,binary,PyG TUDataset (DD),0.6016949152542372,0.5677966101694916,0.6313559322033898,0.6610169491525424,0.7203389830508474,0.64114069569087,0.5310390862567678,0.6105466142549877,0.7467551731810428,0.7937402655195431,unseen_both,0.75,0.8135800637840244,unseen_encoders,0.7584745762711864,0.82896981383965,unseen_encoders,0.7542372881355932,0.8206259734480457,unseen_encoders,0.7415254237288136,0.8297485722761996,0.7542372881355932,0.8222576577912927
graphs,graph_dhfr,pyg_gat,756,453,151,152,2,0.3902,binary,PyG TUDataset (DHFR),0.6842105263157895,0.5657894736842105,0.4934210526315789,0.6776315789473685,0.6710526315789473,0.6610169491525423,0.5567705485693457,0.49097867687260793,0.6997448514671042,0.6610169491525423,seen,0.7236842105263158,0.7177874977218881,seen,0.6644736842105263,0.6758702387461273,seen,0.6513157894736842,0.6816110807362857,unseen_tasks,0.6776315789473685,0.7034809549845089,0.6118421052631579,0.6582832148715144
graphs,graph_dhfr,pyg_gcn,756,453,151,152,2,0.3902,binary,PyG TUDataset (DHFR),0.6776315789473685,0.6973684210526315,0.5921052631578947,0.5855263157894737,0.6776315789473685,0.6718607618006196,0.7213413522872243,0.5427373792600693,0.5161290322580645,0.7032987060324404,seen,0.7302631578947368,0.7750136686714052,seen,0.75,0.7868598505558594,seen,0.7171052631578947,0.7641698560233278,unseen_tasks,0.7236842105263158,0.759340258793512,0.7368421052631579,0.7919628212137779
graphs,graph_dhfr,pyg_gin,756,453,151,152,2,0.3902,binary,PyG TUDataset (DHFR),0.6842105263157895,0.7171052631578947,0.631578947368421,0.5657894736842105,0.6644736842105263,0.6947330052852196,0.7585201385092036,0.6927282668124659,0.6005102970657918,0.7257153271368689,seen,0.7631578947368421,0.7882267176963733,seen,0.7171052631578947,0.7752870420995079,seen,0.7236842105263158,0.7859486057955167,unseen_tasks,0.6973684210526315,0.7855841078913797,0.7171052631578947,0.8103699653726991
graphs,graph_dhfr,pyg_sage,756,453,151,152,2,0.3902,binary,PyG TUDataset (DHFR),0.6907894736842105,0.7236842105263158,0.5986842105263158,0.5328947368421053,0.6513157894736842,0.6885365409148898,0.7760160379077821,0.6333151084381264,0.5111171860761801,0.6965554948059048,unseen_encoders,0.7236842105263158,0.7731000546746857,unseen_encoders,0.6907894736842105,0.7625296154547111,unseen_encoders,0.7171052631578947,0.7473118279569892,unseen_both,0.6907894736842105,0.726079825041006,0.6973684210526315,0.7769272826681246
graphs,graph_enzymes,pyg_gat,600,360,120,120,6,0.1667,multiclass,PyG TUDataset (ENZYMES),0.25833333333333336,0.19166666666666668,0.225,0.3,0.25,0.636875,0.5005000000000001,0.6428333333333335,0.6631666666666668,0.6340833333333333,seen,0.4166666666666667,0.7505000000000001,unseen_tasks,0.31666666666666665,0.6604166666666667,seen,0.325,0.6785,seen,0.3333333333333333,0.7006666666666667,0.18333333333333332,0.5953333333333334
graphs,graph_enzymes,pyg_gcn,600,360,120,120,6,0.1667,multiclass,PyG TUDataset (ENZYMES),0.375,0.225,0.21666666666666667,0.15,0.4083333333333333,0.684875,0.6046666666666667,0.5595833333333333,0.50925,0.7070833333333333,seen,0.49166666666666664,0.7821666666666666,unseen_tasks,0.43333333333333335,0.7273333333333335,seen,0.4583333333333333,0.7495833333333334,seen,0.475,0.7606666666666667,0.225,0.55025
graphs,graph_enzymes,pyg_gin,600,360,120,120,6,0.1667,multiclass,PyG TUDataset (ENZYMES),0.36666666666666664,0.2916666666666667,0.26666666666666666,0.25,0.2916666666666667,0.6853333333333333,0.6360833333333334,0.6244166666666666,0.5918333333333333,0.7054999999999999,seen,0.4083333333333333,0.74275,unseen_tasks,0.39166666666666666,0.7087499999999999,seen,0.4083333333333333,0.7330833333333334,seen,0.4166666666666667,0.74425,0.2916666666666667,0.6574166666666666
graphs,graph_enzymes,pyg_sage,600,360,120,120,6,0.1667,multiclass,PyG TUDataset (ENZYMES),0.35,0.23333333333333334,0.21666666666666667,0.15833333333333333,0.3333333333333333,0.6581666666666667,0.548,0.5875,0.50725,0.67325,unseen_encoders,0.4083333333333333,0.7047500000000001,unseen_both,0.36666666666666664,0.6806666666666666,unseen_encoders,0.38333333333333336,0.7140833333333334,unseen_encoders,0.39166666666666666,0.7276666666666666,0.20833333333333334,0.5476666666666666
graphs,graph_mutag,pyg_gat,188,134,27,27,2,0.3351,,TUDataset (MUTAG),0.6666666666666666,0.5925925925925926,0.6296296296296297,0.7407407407407407,0.7037037037037037,0.5925925925925926,0.7777777777777777,0.654320987654321,0.6697530864197531,0.6296296296296297,seen,0.7037037037037037,0.7407407407407407,unseen_tasks,0.7777777777777778,0.5895061728395061,seen,0.7407407407407407,0.7530864197530864,seen,0.7037037037037037,0.7746913580246914,0.7777777777777778,0.8888888888888888
graphs,graph_mutag,pyg_gcn,188,134,27,27,2,0.3351,,TUDataset (MUTAG),0.7037037037037037,0.7407407407407407,0.6666666666666666,0.5555555555555556,0.6666666666666666,0.7530864197530864,0.7592592592592592,0.7407407407407407,0.5740740740740741,0.7469135802469136,seen,0.8148148148148148,0.7839506172839505,unseen_tasks,0.7407407407407407,0.7345679012345679,seen,0.7777777777777778,0.8117283950617283,seen,0.7777777777777778,0.8209876543209876,0.7777777777777778,0.8271604938271605
graphs,graph_mutag,pyg_gin,188,134,27,27,2,0.3351,,TUDataset (MUTAG),0.8148148148148148,0.8518518518518519,0.8518518518518519,0.4074074074074074,0.8148148148148148,0.9290123456790125,0.9197530864197532,0.8888888888888888,0.882716049382716,0.8580246913580247,seen,0.8148148148148148,0.8580246913580247,unseen_tasks,0.7777777777777778,0.8395061728395062,seen,0.7777777777777778,0.8672839506172839,seen,0.7407407407407407,0.8703703703703703,0.7777777777777778,0.8765432098765431
graphs,graph_mutag,pyg_sage,188,134,27,27,2,0.3351,,TUDataset (MUTAG),0.5925925925925926,0.7407407407407407,0.6666666666666666,0.37037037037037035,0.7037037037037037,0.654320987654321,0.7592592592592593,0.6666666666666666,0.5185185185185185,0.7469135802469136,unseen_encoders,0.7777777777777778,0.7345679012345679,unseen_both,0.7777777777777778,0.7716049382716049,unseen_encoders,0.7407407407407407,0.808641975308642,unseen_encoders,0.7037037037037037,0.7098765432098766,0.7407407407407407,0.8148148148148148
graphs,graph_nci1,pyg_gat,4110,2466,822,822,2,0.4995,binary,PyG TUDataset (NCI1),0.6180048661800487,0.6557177615571776,0.6459854014598541,0.6849148418491484,0.6338199513381995,0.6556792820312456,0.6936556141628335,0.6828931867559391,0.7376613920116504,0.6855009146287319,seen,0.6751824817518248,0.707602962331504,seen,0.6885644768856448,0.732383777031867,seen,0.6630170316301703,0.707520083352573,seen,0.670316301703163,0.7275264768738049,0.670316301703163,0.7200880885147496
graphs,graph_nci1,pyg_gcn,4110,2466,822,822,2,0.4995,binary,PyG TUDataset (NCI1),0.6970802919708029,0.7104622871046229,0.7092457420924574,0.5559610705596107,0.7335766423357665,0.7495752452329787,0.7567975562541069,0.7375222737255877,0.5755945086756531,0.8011437299092475,seen,0.7639902676399026,0.833555330598327,seen,0.7566909975669099,0.8338542869151851,seen,0.7469586374695864,0.8265638967327923,seen,0.7506082725060828,0.8333451731874664,0.7493917274939172,0.8327176609184175
graphs,graph_nci1,pyg_gin,4110,2466,822,822,2,0.4995,binary,PyG TUDataset (NCI1),0.745742092457421,0.7445255474452555,0.7396593673965937,0.44282238442822386,0.7530413625304136,0.8090290727618236,0.7940575772106488,0.8077326087342604,0.44041889403922546,0.8272150887101071,seen,0.7858880778588808,0.864179113313324,seen,0.7688564476885644,0.8533219670733657,seen,0.7858880778588808,0.8609349932808827,seen,0.7834549878345499,0.8578181516803713,0.7749391727493917,0.8622758567614448
graphs,graph_nci1,pyg_sage,4110,2466,822,822,2,0.4995,binary,PyG TUDataset (NCI1),0.7214111922141119,0.7141119221411192,0.7384428223844283,0.6070559610705596,0.7481751824817519,0.7662871993417041,0.7640435469835012,0.795650037591537,0.6729447493206884,0.8134838178793637,unseen_encoders,0.7737226277372263,0.8464607716032938,unseen_encoders,0.7603406326034063,0.8357545835035314,unseen_encoders,0.7579075425790754,0.8385162294800529,unseen_encoders,0.7603406326034063,0.8387175070003139,0.7579075425790754,0.83415916315911
graphs,graph_proteins,pyg_gat,1113,781,166,166,2,0.4043,,TUDataset (PROTEINS),0.7469879518072289,0.7228915662650602,0.7650602409638554,0.6626506024096386,0.7349397590361446,0.8073270013568521,0.742499623096638,0.763681592039801,0.7780793004673602,0.7994120307553143,seen,0.7048192771084337,0.7893110206543043,seen,0.6927710843373494,0.7910447761194029,unseen_tasks,0.7228915662650602,0.7799638172772502,seen,0.7168674698795181,0.8067239559776874,0.7108433734939759,0.8010704055480176
graphs,graph_proteins,pyg_gcn,1113,781,166,166,2,0.4043,,TUDataset (PROTEINS),0.7168674698795181,0.7228915662650602,0.7409638554216867,0.5963855421686747,0.6987951807228916,0.7418965777174732,0.7189808533092115,0.7379767827529021,0.6410372380521634,0.7595356550580431,seen,0.7409638554216867,0.7544097693351425,seen,0.7168674698795181,0.7969998492386552,unseen_tasks,0.7108433734939759,0.8071762400120609,seen,0.7409638554216867,0.8132820744761043,0.7409638554216867,0.8007688828584351
graphs,graph_proteins,pyg_gin,1113,781,166,166,2,0.4043,,TUDataset (PROTEINS),0.7168674698795181,0.7469879518072289,0.7590361445783133,0.608433734939759,0.7650602409638554,0.8028795416855119,0.7963214231870949,0.8344640434192673,0.6368913010704055,0.8400422131765416,seen,0.7228915662650602,0.8199909543193125,seen,0.7650602409638554,0.838459219056234,unseen_tasks,0.7771084337349398,0.8692145333936379,seen,0.7530120481927711,0.836574702246344,0.7469879518072289,0.8371777476255089
graphs,graph_proteins,pyg_sage,1113,781,166,166,2,0.4043,,TUDataset (PROTEINS),0.7289156626506024,0.7530120481927711,0.7409638554216867,0.42168674698795183,0.6927710843373494,0.7602140811096034,0.7875772651892055,0.7682798130559325,0.3892657922508669,0.7782300618121514,unseen_encoders,0.7228915662650602,0.7883310719131614,unseen_encoders,0.6927710843373494,0.8025026383235339,unseen_both,0.7409638554216867,0.8343886627468717,unseen_encoders,0.7530120481927711,0.8390622644353988,0.7650602409638554,0.8348409467812452
graphs,graph_ptc_mr,pyg_gat,344,206,69,69,2,0.4419,binary,PyG TUDataset (PTC_MR),0.5797101449275363,0.6231884057971014,0.5217391304347826,0.6231884057971014,0.6231884057971014,0.5751273344651954,0.5033955857385399,0.48132427843803055,0.6595925297113752,0.6107809847198642,seen,0.463768115942029,0.467741935483871,seen,0.5797101449275363,0.4770797962648557,seen,0.6231884057971014,0.5513582342954159,seen,0.6376811594202898,0.5802207130730052,0.5797101449275363,0.562818336162988
graphs,graph_ptc_mr,pyg_gcn,344,206,69,69,2,0.4419,binary,PyG TUDataset (PTC_MR),0.5797101449275363,0.5217391304347826,0.5362318840579711,0.4782608695652174,0.5797101449275363,0.5857385398981323,0.532258064516129,0.5203735144312394,0.46477079796264853,0.5611205432937182,seen,0.6521739130434783,0.7228353140916808,seen,0.6376811594202898,0.5764006791171477,seen,0.6086956521739131,0.5929541595925297,seen,0.5652173913043478,0.5475382003395586,0.4782608695652174,0.5929541595925298
graphs,graph_ptc_mr,pyg_gin,344,206,69,69,2,0.4419,binary,PyG TUDataset (PTC_MR),0.5942028985507246,0.5507246376811594,0.5797101449275363,0.4492753623188406,0.5652173913043478,0.6494057724957555,0.5509337860780985,0.5976230899830222,0.4028013582342954,0.5611205432937182,seen,0.5217391304347826,0.5623938879456706,seen,0.6376811594202898,0.6485568760611207,seen,0.6231884057971014,0.6502546689303905,seen,0.6956521739130435,0.6460101867572156,0.6086956521739131,0.5674872665534805
graphs,graph_ptc_mr,pyg_sage,344,206,69,69,2,0.4419,binary,PyG TUDataset (PTC_MR),0.5942028985507246,0.5362318840579711,0.5217391304347826,0.4782608695652174,0.6231884057971014,0.5823429541595926,0.48047538200339557,0.4872665534804754,0.44100169779286924,0.6307300509337861,unseen_encoders,0.5507246376811594,0.58616298811545,unseen_encoders,0.5652173913043478,0.5424448217317488,unseen_encoders,0.6086956521739131,0.5509337860780985,unseen_encoders,0.6231884057971014,0.5297113752122241,0.4492753623188406,0.5127334465195247
molecules,tdc_ames,chemberta_77m_mtr,5727,4000,727,1000,2,0.4741,,Therapeutics Data Commons (TOX),0.715,0.736,0.756,0.752,0.728,0.7806595671590517,0.7963267409334054,0.8244753071273168,0.8292192177454973,0.8079615906823052,unseen_tasks,0.773,0.8449150185666847,seen,0.76,0.8380608856390375,seen,0.767,0.8429724689601021,seen,0.763,0.84270255680424,0.747,0.8291251574487576
molecules,tdc_ames,chemberta_v2,5727,4000,727,1000,2,0.4741,,Therapeutics Data Commons (TOX),0.711,0.701,0.73,0.722,0.708,0.7673316320688358,0.7506584220771785,0.789133173021871,0.7916687114557261,0.7657694132273315,unseen_both,0.738,0.7966743550735307,unseen_encoders,0.726,0.7946336555920891,unseen_encoders,0.735,0.7956683188562269,unseen_encoders,0.726,0.7968011319952233,0.725,0.7909121395036889
molecules,tdc_ames,chemberta_zinc_base,5727,4000,727,1000,2,0.4741,,Therapeutics Data Commons (TOX),0.691,0.667,0.703,0.688,0.702,0.7476075968003141,0.7041149335034598,0.7586576368781797,0.7679348448414062,0.760825113281314,unseen_tasks,0.714,0.7758011483535359,seen,0.695,0.7705255925798695,seen,0.702,0.7719855719683957,seen,0.695,0.7709754461729728,0.704,0.7673193633344784
molecules,tdc_ames,pubchem10m_bpe,5727,4000,727,1000,2,0.4741,,Therapeutics Data Commons (TOX),0.758,0.743,0.776,0.773,0.749,0.8080065760416155,0.7960363808869477,0.83423304051954,0.8418253422976887,0.8210400615072551,unseen_tasks,0.772,0.8485179368896305,seen,0.782,0.850865354730006,seen,0.772,0.8485997284520128,seen,0.785,0.8533599973826701,0.773,0.8422036282737072
molecules,tdc_ames,smiles_bert,5727,4000,727,1000,2,0.4741,,Therapeutics Data Commons (TOX),0.675,0.645,0.658,0.681,0.679,0.7261291325186894,0.69066431106967,0.7261700282998806,0.7532921103858925,0.7436325268685284,unseen_tasks,0.713,0.777387904663755,seen,0.698,0.7708445796731609,seen,0.704,0.7702638595802456,seen,0.692,0.7696258853936628,0.705,0.776177389540495
molecules,tdc_b3db_classification,chemberta_77m_mtr,5616,4000,616,1000,2,0.3504,,Therapeutics Data Commons (ADME),0.866,0.825,0.87,0.831,0.849,0.8823611274914493,0.8798301686519636,0.9171836301450643,0.9177803986319142,0.9003231513150135,seen,0.875,0.9382898926760231,seen,0.876,0.9386201202972049,seen,0.876,0.9412808114164406,unseen_tasks,0.883,0.9431678263946219,0.874,0.9368793489798325
molecules,tdc_b3db_classification,chemberta_v2,5616,4000,616,1000,2,0.3504,,Therapeutics Data Commons (ADME),0.872,0.82,0.835,0.845,0.856,0.9147257931359829,0.8758815898101192,0.8952329284113691,0.9264984078311123,0.9126595117348744,unseen_encoders,0.886,0.9409788890199314,unseen_encoders,0.875,0.934501710107324,unseen_encoders,0.885,0.9341526123363605,unseen_both,0.884,0.9320250029484609,0.882,0.9332043873098242
molecules,tdc_b3db_classification,chemberta_zinc_base,5616,4000,616,1000,2,0.3504,,Therapeutics Data Commons (ADME),0.85,0.827,0.856,0.852,0.857,0.9011015449935134,0.8802877697841727,0.9027998584738764,0.9232881235994811,0.9098525769548296,seen,0.879,0.9293218539922161,seen,0.873,0.9242882415379172,seen,0.874,0.9243873098242718,unseen_tasks,0.855,0.9163533435546645,0.867,0.926179974053544
molecules,tdc_b3db_classification,pubchem10m_bpe,5616,4000,616,1000,2,0.3504,,Therapeutics Data Commons (ADME),0.886,0.833,0.866,0.856,0.873,0.9024318905531313,0.8862413020403349,0.9057011440028304,0.9356032551008373,0.918471517867673,seen,0.881,0.9386814482839958,seen,0.894,0.940776034909777,seen,0.872,0.9361858709753509,unseen_tasks,0.884,0.9375728269843141,0.874,0.932265597358179
molecules,tdc_b3db_classification,smiles_bert,5616,4000,616,1000,2,0.3504,,Therapeutics Data Commons (ADME),0.865,0.837,0.838,0.863,0.88,0.9232786885245902,0.8858214412076896,0.9018138931477768,0.9255643354169124,0.9271517867673074,seen,0.889,0.9443755159806582,seen,0.89,0.9397900695836772,seen,0.884,0.9413421394032314,unseen_tasks,0.884,0.9323882533317609,0.886,0.941752565160986
molecules,tdc_bbb_martins,chemberta_77m_mtr,2030,1421,203,406,2,0.236,,Therapeutics Data Commons (ADME),0.896551724137931,0.8448275862068966,0.854679802955665,0.8842364532019704,0.8694581280788177,0.8773061288305191,0.8565118824265167,0.8971622889305815,0.9144973420888056,0.8874687304565354,seen,0.8916256157635468,0.9115853658536586,seen,0.8842364532019704,0.9125625390869294,seen,0.8817733990147784,0.9099437148217637,seen,0.8866995073891626,0.9148686679174484,0.8916256157635468,0.9140087554721701
molecules,tdc_bbb_martins,chemberta_v2,2030,1421,203,406,2,0.236,,Therapeutics Data Commons (ADME),0.8448275862068966,0.8669950738916257,0.8817733990147784,0.8793103448275862,0.8866995073891626,0.8398999374609131,0.877775171982489,0.879416823014384,0.894543464665416,0.8678470919324578,unseen_encoders,0.8866995073891626,0.8904393370856786,unseen_encoders,0.8866995073891626,0.9027126328955598,unseen_encoders,0.8891625615763546,0.8988039399624765,unseen_encoders,0.8916256157635468,0.9029862414008755,0.8940886699507389,0.8902829893683551
molecules,tdc_bbb_martins,chemberta_zinc_base,2030,1421,203,406,2,0.236,,Therapeutics Data Commons (ADME),0.8571428571428571,0.8374384236453202,0.8669950738916257,0.8694581280788177,0.874384236453202,0.8226235146966854,0.8135944340212633,0.8789086929330833,0.8499843652282676,0.8494762351469669,seen,0.874384236453202,0.8878986866791745,seen,0.8866995073891626,0.8891494684177611,seen,0.8793103448275862,0.8835209505941214,seen,0.8842364532019704,0.8841854283927455,0.8768472906403941,0.8854362101313321
molecules,tdc_bbb_martins,pubchem10m_bpe,2030,1421,203,406,2,0.236,,Therapeutics Data Commons (ADME),0.8645320197044335,0.8571428571428571,0.8817733990147784,0.8768472906403941,0.8916256157635468,0.8697037210756724,0.867104440275172,0.9013836772983115,0.9085365853658536,0.8628830519074422,seen,0.896551724137931,0.9122889305816135,seen,0.8916256157635468,0.9072076297686054,seen,0.8940886699507389,0.9084974984365228,seen,0.8916256157635468,0.907989368355222,0.8916256157635468,0.9113117573483428
molecules,tdc_bbb_martins,smiles_bert,2030,1421,203,406,2,0.236,,Therapeutics Data Commons (ADME),0.8078817733990148,0.8152709359605911,0.8793103448275862,0.8866995073891626,0.8793103448275862,0.8526227329580987,0.847795497185741,0.8813711694809255,0.8958724202626641,0.8898139462163851,seen,0.8891625615763546,0.9082238899312071,seen,0.8866995073891626,0.904510631644778,seen,0.8817733990147784,0.8988430268918074,seen,0.8891625615763546,0.9007582864290181,0.8817733990147784,0.9011100687929957
molecules,tdc_bioavailability_ma,chemberta_77m_mtr,640,448,64,128,2,0.2313,,Therapeutics Data Commons (ADME),0.734375,0.7421875,0.75,0.6953125,0.765625,0.6873960758230795,0.69271699368141,0.701696042567343,0.6388427003658131,0.6814100432324577,seen,0.6328125,0.6341868972397738,seen,0.7265625,0.6388427003658131,seen,0.6640625,0.6461589624210177,seen,0.65625,0.642833388759561,0.6953125,0.6395078150981044
molecules,tdc_bioavailability_ma,chemberta_v2,640,448,64,128,2,0.2313,,Therapeutics Data Commons (ADME),0.71875,0.6640625,0.7734375,0.71875,0.734375,0.6697705354173594,0.6129032258064516,0.6152311273694713,0.6514798802793482,0.6704356501496509,unseen_encoders,0.734375,0.698703026272032,unseen_encoders,0.71875,0.6877286331892251,unseen_encoders,0.71875,0.6707682075157965,unseen_encoders,0.7265625,0.6953774526105753,0.71875,0.6398403724642501
molecules,tdc_bioavailability_ma,chemberta_zinc_base,640,448,64,128,2,0.2313,,Therapeutics Data Commons (ADME),0.6875,0.6953125,0.7265625,0.703125,0.703125,0.5989358164283339,0.6854007316262055,0.6617891586298636,0.6483205853009645,0.6491519787163286,seen,0.734375,0.6794146990355836,seen,0.71875,0.6654472896574659,seen,0.7109375,0.6697705354173595,seen,0.71875,0.6807449285001663,0.7109375,0.6508147655470569
molecules,tdc_bioavailability_ma,pubchem10m_bpe,640,448,64,128,2,0.2313,,Therapeutics Data Commons (ADME),0.71875,0.6953125,0.7734375,0.7890625,0.796875,0.694712337878284,0.6268706351845692,0.6953774526105753,0.6779181908879282,0.6348520119720652,seen,0.734375,0.698703026272032,seen,0.7578125,0.7110076488194214,seen,0.75,0.6900565347522448,seen,0.765625,0.7023611572996341,0.765625,0.6804123711340206
molecules,tdc_bioavailability_ma,smiles_bert,640,448,64,128,2,0.2313,,Therapeutics Data Commons (ADME),0.703125,0.6875,0.7578125,0.7421875,0.7109375,0.6865646824077154,0.6321915530428999,0.6933821084137014,0.5961090788160958,0.6185567010309279,seen,0.75,0.6787495843032925,seen,0.75,0.6671100764881942,seen,0.7421875,0.647821749251746,seen,0.7421875,0.647821749251746,0.7421875,0.5643498503491853
molecules,tdc_carcinogens_lagunin,chemberta_77m_mtr,280,196,28,56,2,0.2143,,Therapeutics Data Commons (TOX),0.8392857142857143,0.8392857142857143,0.8571428571428571,0.8571428571428571,0.8571428571428571,0.7838383838383839,0.8454545454545455,0.7929292929292929,0.8181818181818181,0.8272727272727273,seen,0.8214285714285714,0.7606060606060606,seen,0.8571428571428571,0.8191919191919192,seen,0.875,0.8151515151515152,seen,0.875,0.8313131313131313,0.8571428571428571,0.8212121212121213
molecules,tdc_carcinogens_lagunin,chemberta_v2,280,196,28,56,2,0.2143,,Therapeutics Data Commons (TOX),0.8392857142857143,0.875,0.8571428571428571,0.8214285714285714,0.8214285714285714,0.6919191919191919,0.8292929292929293,0.8313131313131313,0.8242424242424242,0.8373737373737374,unseen_encoders,0.75,0.7383838383838384,unseen_encoders,0.8571428571428571,0.8494949494949495,unseen_encoders,0.8571428571428571,0.8474747474747475,unseen_encoders,0.8571428571428571,0.8555555555555555,0.8214285714285714,0.8313131313131313
molecules,tdc_carcinogens_lagunin,chemberta_zinc_base,280,196,28,56,2,0.2143,,Therapeutics Data Commons (TOX),0.8214285714285714,0.8214285714285714,0.8571428571428571,0.8571428571428571,0.8392857142857143,0.6848484848484848,0.7565656565656566,0.7525252525252525,0.7929292929292929,0.704040404040404,seen,0.7321428571428571,0.702020202020202,seen,0.8571428571428571,0.8232323232323232,seen,0.8392857142857143,0.8090909090909091,seen,0.8392857142857143,0.8171717171717172,0.8571428571428571,0.8111111111111111
molecules,tdc_carcinogens_lagunin,pubchem10m_bpe,280,196,28,56,2,0.2143,,Therapeutics Data Commons (TOX),0.8392857142857143,0.8392857142857143,0.8392857142857143,0.8392857142857143,0.8392857142857143,0.7575757575757576,0.7464646464646465,0.8373737373737373,0.8343434343434343,0.7646464646464646,seen,0.8214285714285714,0.7101010101010101,seen,0.8392857142857143,0.8232323232323232,seen,0.8392857142857143,0.8111111111111111,seen,0.8392857142857143,0.8171717171717171,0.8571428571428571,0.7909090909090909
molecules,tdc_carcinogens_lagunin,smiles_bert,280,196,28,56,2,0.2143,,Therapeutics Data Commons (TOX),0.8035714285714286,0.875,0.8392857142857143,0.8392857142857143,0.8392857142857143,0.7757575757575758,0.8151515151515152,0.794949494949495,0.8424242424242424,0.7949494949494951,seen,0.8035714285714286,0.7242424242424242,seen,0.8392857142857143,0.8232323232323232,seen,0.8392857142857143,0.8171717171717172,seen,0.8392857142857143,0.8313131313131313,0.8214285714285714,0.8191919191919192
molecules,tdc_cav3_t-type_calcium_channels_butkiewicz,chemberta_77m_mtr,6000,4000,1000,1000,2,0.0077,,Therapeutics Data Commons (HTS),0.995,0.987,0.995,0.995,0.995,0.48391959798994977,0.7796984924623116,0.8393969849246231,0.8401005025125629,0.7917587939698492,unseen_tasks,0.995,0.732462311557789,seen,0.995,0.8156783919597991,seen,0.995,0.8830150753768845,seen,0.995,0.8689447236180905,0.994,0.7628140703517587
molecules,tdc_cav3_t-type_calcium_channels_butkiewicz,chemberta_v2,6000,4000,1000,1000,2,0.0077,,Therapeutics Data Commons (HTS),0.995,0.993,0.995,0.995,0.995,0.4904522613065327,0.8763819095477386,0.8030150753768844,0.852964824120603,0.8707537688442211,unseen_both,0.995,0.7674371859296483,unseen_encoders,0.995,0.8289447236180905,unseen_encoders,0.995,0.7945728643216081,unseen_encoders,0.995,0.8176884422110553,0.995,0.7736683417085427
molecules,tdc_cav3_t-type_calcium_channels_butkiewicz,chemberta_zinc_base,6000,4000,1000,1000,2,0.0077,,Therapeutics Data Commons (HTS),0.995,0.993,0.995,0.995,0.995,0.4879396984924623,0.5579899497487437,0.6852261306532663,0.6381909547738694,0.5873366834170854,unseen_tasks,0.995,0.6592964824120603,seen,0.995,0.5784924623115578,seen,0.995,0.6850251256281407,seen,0.995,0.6699497487437186,0.995,0.588140703517588
molecules,tdc_cav3_t-type_calcium_channels_butkiewicz,pubchem10m_bpe,6000,4000,1000,1000,2,0.0077,,Therapeutics Data Commons (HTS),0.994,0.987,0.995,0.995,0.995,0.492964824120603,0.7819095477386935,0.890854271356784,0.9318592964824121,0.8785929648241207,unseen_tasks,0.995,0.8188944723618091,seen,0.995,0.8494472361809045,seen,0.995,0.8651256281407036,seen,0.995,0.8757788944723619,0.995,0.7823115577889448
molecules,tdc_cav3_t-type_calcium_channels_butkiewicz,smiles_bert,6000,4000,1000,1000,2,0.0077,,Therapeutics Data Commons (HTS),0.995,0.994,0.995,0.995,0.995,0.4879396984924623,0.6076381909547739,0.6339698492462311,0.6484422110552763,0.6406030150753769,unseen_tasks,0.995,0.5620100502512563,seen,0.995,0.5853266331658292,seen,0.995,0.7041206030150754,seen,0.995,0.6613065326633165,0.995,0.637788944723618
molecules,tdc_clintox,chemberta_77m_mtr,1478,1034,147,297,2,0.0758,,Therapeutics Data Commons (TOX),0.9090909090909091,0.9023569023569024,0.9158249158249159,0.9191919191919192,0.9158249158249159,0.5552503052503052,0.7754120879120879,0.6784951159951159,0.7027625152625153,0.6690323565323565,seen,0.9158249158249159,0.6725427350427351,seen,0.9158249158249159,0.7037545787545787,seen,0.9158249158249159,0.672008547008547,seen,0.9191919191919192,0.69253663003663,0.9158249158249159,0.669490231990232
molecules,tdc_clintox,chemberta_v2,1478,1034,147,297,2,0.0758,,Therapeutics Data Commons (TOX),0.9191919191919192,0.9023569023569024,0.9158249158249159,0.9191919191919192,0.9124579124579124,0.5824175824175825,0.7415293040293041,0.6725427350427351,0.7157356532356531,0.725503663003663,unseen_encoders,0.9158249158249159,0.699557387057387,unseen_encoders,0.9191919191919192,0.7360347985347986,unseen_encoders,0.9191919191919192,0.6839896214896215,unseen_encoders,0.9191919191919192,0.7096306471306472,0.9191919191919192,0.7662545787545788
molecules,tdc_clintox,chemberta_zinc_base,1478,1034,147,297,2,0.0758,,Therapeutics Data Commons (TOX),0.9225589225589226,0.8653198653198653,0.9259259259259259,0.9124579124579124,0.9158249158249159,0.6134004884004884,0.7349664224664225,0.7302350427350427,0.6662851037851037,0.6981837606837606,seen,0.9158249158249159,0.694520757020757,seen,0.9191919191919192,0.7106990231990232,seen,0.9191919191919192,0.6629273504273504,seen,0.9191919191919192,0.6821581196581197,0.9225589225589226,0.7255036630036631
molecules,tdc_clintox,pubchem10m_bpe,1478,1034,147,297,2,0.0758,,Therapeutics Data Commons (TOX),0.9158249158249159,0.8888888888888888,0.9191919191919192,0.9225589225589226,0.9158249158249159,0.664072039072039,0.6969627594627594,0.6711691086691086,0.6192765567765567,0.6411782661782662,seen,0.9158249158249159,0.6591117216117216,seen,0.9158249158249159,0.704441391941392,seen,0.9158249158249159,0.671092796092796,seen,0.9191919191919192,0.6989468864468864,0.9225589225589226,0.6711691086691087
molecules,tdc_clintox,smiles_bert,1478,1034,147,297,2,0.0758,,Therapeutics Data Commons (TOX),0.9057239057239057,0.9023569023569024,0.9124579124579124,0.9057239057239057,0.9225589225589226,0.6663614163614164,0.7894536019536019,0.8280677655677656,0.8489010989010989,0.7845695970695971,seen,0.9191919191919192,0.8358516483516483,seen,0.9259259259259259,0.846535409035409,seen,0.9259259259259259,0.847603785103785,seen,0.9225589225589226,0.8459249084249085,0.9191919191919192,0.8427197802197802
molecules,tdc_cyp1a2_veith,chemberta_77m_mtr,6000,4000,1000,1000,2,0.464,,Therapeutics Data Commons (ADME),0.756,0.821,0.808,0.81,0.795,0.8312399246372869,0.8891040077442788,0.8988323579648868,0.9013384481841346,0.8893120152325484,seen,0.825,0.9084047025692925,seen,0.816,0.9061446212063634,seen,0.818,0.9030285090263249,seen,0.823,0.9082886983931421,0.824,0.9069926517354623
molecules,tdc_cyp1a2_veith,chemberta_v2,6000,4000,1000,1000,2,0.464,,Therapeutics Data Commons (ADME),0.793,0.805,0.802,0.812,0.817,0.8654751571056558,0.878031609137929,0.8941561896228264,0.8995523838858199,0.8997963926701362,unseen_encoders,0.828,0.9105287790360453,unseen_encoders,0.821,0.9082246960890592,unseen_encoders,0.824,0.9078646831285926,unseen_encoders,0.809,0.9075206707441467,0.819,0.9086727122176399
molecules,tdc_cyp1a2_veith,chemberta_zinc_base,6000,4000,1000,1000,2,0.464,,Therapeutics Data Commons (ADME),0.777,0.775,0.792,0.801,0.81,0.8678112412046834,0.8607109855954814,0.8828277818001448,0.8903920541139483,0.8929441459892556,seen,0.822,0.9074566684400639,seen,0.815,0.9057166057978088,seen,0.825,0.9065606361829026,seen,0.822,0.9051365849170571,0.814,0.9051525854930778
molecules,tdc_cyp1a2_veith,pubchem10m_bpe,6000,4000,1000,1000,2,0.464,,Therapeutics Data Commons (ADME),0.787,0.821,0.827,0.825,0.816,0.8634390838070171,0.8890600061602217,0.9012804460960595,0.9112108035889293,0.9011964430719507,seen,0.832,0.914496921889188,seen,0.837,0.915016940609862,seen,0.833,0.9125768527666995,seen,0.831,0.9139209011524416,0.837,0.9128208615510158
molecules,tdc_cyp1a2_veith,smiles_bert,6000,4000,1000,1000,2,0.464,,Therapeutics Data Commons (ADME),0.77,0.748,0.786,0.777,0.782,0.837604153749535,0.8344540403454525,0.8746194863015069,0.8659411738822598,0.8638510986395509,seen,0.795,0.8839718229856275,seen,0.795,0.8790036441311887,seen,0.792,0.8791636498913962,seen,0.791,0.8797956726442151,0.777,0.8781436131700742
molecules,tdc_cyp2c19_veith,chemberta_77m_mtr,6000,4000,1000,1000,2,0.4512,,Therapeutics Data Commons (ADME),0.737,0.785,0.806,0.801,0.781,0.7983336735633287,0.866687881007561,0.8714070711801176,0.8776032598036272,0.8584102853528985,seen,0.793,0.8750615416021231,unseen_tasks,0.801,0.8737766730309688,unseen_tasks,0.796,0.8714190792976051,seen,0.797,0.874721311606646,0.795,0.8768507511077488
molecules,tdc_cyp2c19_veith,chemberta_v2,6000,4000,1000,1000,2,0.4512,,Therapeutics Data Commons (ADME),0.724,0.741,0.774,0.769,0.771,0.7928199462836878,0.8147027390515988,0.8577638483614924,0.833521460507303,0.8459598688713571,unseen_encoders,0.777,0.8595250389263142,unseen_both,0.774,0.8533608719494379,unseen_both,0.768,0.8486777061293433,unseen_encoders,0.774,0.8572394938978749,0.758,0.8487017223643182
molecules,tdc_cyp2c19_veith,chemberta_zinc_base,6000,4000,1000,1000,2,0.4512,,Therapeutics Data Commons (ADME),0.707,0.733,0.745,0.751,0.75,0.7792948032870219,0.807529890205779,0.8273632975891704,0.8178348563629013,0.8309977544820298,seen,0.757,0.8429618422053308,unseen_tasks,0.75,0.8343159976143874,unseen_tasks,0.756,0.8326788909302687,seen,0.758,0.8358010014769984,0.741,0.8248896253867615
molecules,tdc_cyp2c19_veith,pubchem10m_bpe,6000,4000,1000,1000,2,0.4512,,Therapeutics Data Commons (ADME),0.75,0.803,0.791,0.8,0.773,0.825506042084449,0.8660754670157026,0.8665998214793199,0.8771909811032257,0.8502167465206479,seen,0.805,0.8816580008085466,unseen_tasks,0.803,0.8781836521488526,unseen_tasks,0.803,0.8748774171339826,seen,0.807,0.8806493189396032,0.796,0.8799408400078453
molecules,tdc_cyp2c19_veith,smiles_bert,6000,4000,1000,1000,2,0.4512,,Therapeutics Data Commons (ADME),0.722,0.734,0.745,0.758,0.757,0.7880287074062067,0.7970067765809687,0.8213392253163138,0.8232084889385224,0.8287202148652489,seen,0.774,0.8321105067025308,unseen_tasks,0.77,0.8323987015222291,unseen_tasks,0.757,0.8252979013813337,seen,0.765,0.830777605661427,0.754,0.8265707618350004
molecules,tdc_cyp2c9_substrate_carbonmangels,chemberta_77m_mtr,669,468,66,135,2,0.2108,,Therapeutics Data Commons (ADME),0.6962962962962963,0.6592592592592592,0.725925925925926,0.725925925925926,0.7037037037037037,0.6079761258817146,0.5729788388497016,0.582202930005426,0.6512479652740099,0.5973955507325013,seen,0.725925925925926,0.5889853499728703,seen,0.7333333333333333,0.6391752577319588,seen,0.725925925925926,0.6285946825827455,seen,0.7407407407407407,0.6405317417254476,0.725925925925926,0.6530113944655452
molecules,tdc_cyp2c9_substrate_carbonmangels,chemberta_v2,669,468,66,135,2,0.2108,,Therapeutics Data Commons (ADME),0.6592592592592592,0.6592592592592592,0.6888888888888889,0.725925925925926,0.7111111111111111,0.6540965816603364,0.5911557243624525,0.6462289744981009,0.5885784047748236,0.5949538795442213,unseen_encoders,0.725925925925926,0.6022788931090614,unseen_encoders,0.7185185185185186,0.6410743353228432,unseen_encoders,0.7185185185185186,0.6142159522517634,unseen_encoders,0.7111111111111111,0.6348345089527944,0.725925925925926,0.5925122083559413
molecules,tdc_cyp2c9_substrate_carbonmangels,chemberta_zinc_base,669,468,66,135,2,0.2108,,Therapeutics Data Commons (ADME),0.6814814814814815,0.6592592592592592,0.7111111111111111,0.7185185185185186,0.6888888888888889,0.5860010851871948,0.532555615843733,0.584644601193706,0.6034997287032013,0.6427021161150299,seen,0.6888888888888889,0.6058057514921323,seen,0.7111111111111111,0.6009224091155724,seen,0.7185185185185186,0.6071622354856213,seen,0.7111111111111111,0.5968529571351058,0.7111111111111111,0.5604991861096039
molecules,tdc_cyp2c9_substrate_carbonmangels,pubchem10m_bpe,669,468,66,135,2,0.2108,,Therapeutics Data Commons (ADME),0.6888888888888889,0.6518518518518519,0.7333333333333333,0.7333333333333333,0.7481481481481481,0.6710526315789475,0.5746066196418883,0.6592512208355942,0.6710526315789473,0.6275094953879544,seen,0.7481481481481481,0.5754205100379816,seen,0.7333333333333333,0.6671188279978295,seen,0.7407407407407407,0.6600651112316875,seen,0.7407407407407407,0.664134563212154,0.7333333333333333,0.665491047205643
molecules,tdc_cyp2c9_substrate_carbonmangels,smiles_bert,669,468,66,135,2,0.2108,,Therapeutics Data Commons (ADME),0.7333333333333333,0.6518518518518519,0.7111111111111111,0.7111111111111111,0.7111111111111111,0.6901790558871406,0.5561584373304396,0.6218122626153011,0.6075691806836679,0.5946825827455237,seen,0.7037037037037037,0.534997287032013,seen,0.7037037037037037,0.6408030385241454,seen,0.7185185185185186,0.6386326641345632,seen,0.7185185185185186,0.6383613673358655,0.7037037037037037,0.5971242539338036
molecules,tdc_cyp2c9_veith,chemberta_77m_mtr,6000,4000,1000,1000,2,0.345,,Therapeutics Data Commons (ADME),0.741,0.777,0.784,0.795,0.781,0.7954898569095815,0.8488637714074445,0.8528206550204886,0.8685205480657925,0.8500653612031743,unseen_tasks,0.799,0.867367373976118,unseen_tasks,0.796,0.863344468945726,seen,0.789,0.8618831949084282,seen,0.784,0.8606595979735825,0.798,0.8610117121994375
molecules,tdc_cyp2c9_veith,chemberta_v2,6000,4000,1000,1000,2,0.345,,Therapeutics Data Commons (ADME),0.736,0.748,0.752,0.795,0.772,0.7729655500244279,0.8160599298412404,0.8292554104551517,0.8445437699989877,0.84074753850149,unseen_both,0.785,0.8475125330657265,unseen_both,0.781,0.8479174644254599,unseen_encoders,0.777,0.8497044441216729,unseen_encoders,0.78,0.8523761108103469,0.782,0.8474817230709641
molecules,tdc_cyp2c9_veith,chemberta_zinc_base,6000,4000,1000,1000,2,0.345,,Therapeutics Data Commons (ADME),0.71,0.737,0.764,0.766,0.767,0.7517594707723185,0.802120607925211,0.826896245141924,0.8257320674826913,0.8287140348328998,unseen_tasks,0.769,0.8365001606521155,unseen_tasks,0.761,0.8341982139005893,seen,0.757,0.8341586010501805,seen,0.771,0.8397572172412731,0.761,0.8344931095647428
molecules,tdc_cyp2c9_veith,pubchem10m_bpe,6000,4000,1000,1000,2,0.345,,Therapeutics Data Commons (ADME),0.742,0.774,0.793,0.785,0.793,0.7921645781891645,0.8302765417101308,0.8547484804070441,0.848672309297136,0.8592555424979864,unseen_tasks,0.799,0.8669316326216224,unseen_tasks,0.781,0.8605231537110638,seen,0.789,0.8585469126184533,seen,0.794,0.8608972750760345,0.792,0.858916632555601
molecules,tdc_cyp2c9_veith,smiles_bert,6000,4000,1000,1000,2,0.345,,Therapeutics Data Commons (ADME),0.72,0.737,0.744,0.744,0.751,0.7643805650553039,0.7847701794462124,0.8155097513633423,0.8188108222307316,0.8098407123270789,unseen_tasks,0.749,0.8191805421678792,unseen_tasks,0.748,0.8188196250863781,seen,0.744,0.8188900479315488,seen,0.756,0.8231506300643929,0.744,0.8190484993331836
molecules,tdc_cyp2d6_substrate_carbonmangels,chemberta_77m_mtr,667,466,66,135,2,0.2864,,Therapeutics Data Commons (ADME),0.7407407407407407,0.6962962962962963,0.7555555555555555,0.7333333333333333,0.7333333333333333,0.7110717896865522,0.7263650151668353,0.785262891809909,0.7960060667340748,0.7872851365015168,seen,0.725925925925926,0.7640293225480284,unseen_tasks,0.725925925925926,0.8064964610717896,seen,0.7407407407407407,0.791582406471183,unseen_tasks,0.7555555555555555,0.7999241658240648,0.725925925925926,0.7989130434782609
molecules,tdc_cyp2d6_substrate_carbonmangels,chemberta_v2,667,466,66,135,2,0.2864,,Therapeutics Data Commons (ADME),0.7481481481481481,0.6666666666666666,0.6814814814814815,0.7333333333333333,0.6888888888888889,0.7891809908998988,0.6783367037411527,0.7625126390293226,0.7712335692618808,0.7513902932254802,unseen_encoders,0.7037037037037037,0.7761627906976745,unseen_both,0.762962962962963,0.7900657229524772,unseen_encoders,0.7555555555555555,0.7834934277047523,unseen_both,0.762962962962963,0.772623862487361,0.725925925925926,0.7865267947421638
molecules,tdc_cyp2d6_substrate_carbonmangels,chemberta_zinc_base,667,466,66,135,2,0.2864,,Therapeutics Data Commons (ADME),0.6962962962962963,0.6888888888888889,0.6888888888888889,0.725925925925926,0.7333333333333333,0.7137259858442871,0.637891809908999,0.7273761375126391,0.7512639029322549,0.7149898887765419,seen,0.6814814814814815,0.7460819009100101,unseen_tasks,0.725925925925926,0.7587209302325582,seen,0.7407407407407407,0.7491152679474216,unseen_tasks,0.7407407407407407,0.7546764408493428,0.7037037037037037,0.7478513650151669
molecules,tdc_cyp2d6_substrate_carbonmangels,pubchem10m_bpe,667,466,66,135,2,0.2864,,Therapeutics Data Commons (ADME),0.762962962962963,0.7407407407407407,0.7703703703703704,0.7703703703703704,0.7703703703703704,0.7501263902932255,0.7175176946410514,0.8178715874620829,0.8239383215369059,0.8054853387259859,seen,0.7703703703703704,0.804474216380182,unseen_tasks,0.7851851851851852,0.8294994944388271,seen,0.7703703703703704,0.8244438827098078,unseen_tasks,0.762962962962963,0.8315217391304347,0.7703703703703704,0.8355662285136501
molecules,tdc_cyp2d6_substrate_carbonmangels,smiles_bert,667,466,66,135,2,0.2864,,Therapeutics Data Commons (ADME),0.762962962962963,0.7037037037037037,0.725925925925926,0.7333333333333333,0.7111111111111111,0.7553083923154702,0.7058897876643074,0.7827350859453993,0.7853892821031345,0.753412537917088,seen,0.7333333333333333,0.7822295247724975,unseen_tasks,0.725925925925926,0.791582406471183,seen,0.7407407407407407,0.7776794742163802,unseen_tasks,0.7481481481481481,0.7807128412537917,0.7407407407407407,0.7918351870576339
molecules,tdc_cyp2d6_veith,chemberta_77m_mtr,6000,4000,1000,1000,2,0.1928,,Therapeutics Data Commons (ADME),0.842,0.871,0.867,0.89,0.881,0.7537447931857104,0.821524988969406,0.8189599084647656,0.833086547162333,0.8302148535361467,seen,0.883,0.8425317269797111,seen,0.883,0.8386130617189779,unseen_tasks,0.873,0.8404527404482535,seen,0.877,0.8382092298027953,0.879,0.8346121344012444
molecules,tdc_cyp2d6_veith,chemberta_v2,6000,4000,1000,1000,2,0.1928,,Therapeutics Data Commons (ADME),0.835,0.815,0.855,0.856,0.864,0.7165997352657437,0.7398948541344161,0.8148505447991684,0.8109767497513443,0.8172211877145357,unseen_encoders,0.855,0.8201601866600857,unseen_encoders,0.857,0.8184326834630831,unseen_both,0.851,0.818664512896447,unseen_encoders,0.858,0.8200629678654492,0.864,0.8087781093187953
molecules,tdc_cyp2d6_veith,chemberta_zinc_base,6000,4000,1000,1000,2,0.1928,,Therapeutics Data Commons (ADME),0.845,0.819,0.863,0.86,0.847,0.7125240242598284,0.7446211832275145,0.7906505433034947,0.7943897277125913,0.7842789730703938,seen,0.856,0.8111861440782536,seen,0.851,0.8059737210119728,unseen_tasks,0.843,0.8070805195970654,seen,0.848,0.8095932515199784,0.861,0.7930510996941347
molecules,tdc_cyp2d6_veith,pubchem10m_bpe,6000,4000,1000,1000,2,0.1928,,Therapeutics Data Commons (ADME),0.863,0.866,0.871,0.878,0.863,0.741708358572828,0.8030085477755591,0.8214726403876786,0.8388710654432056,0.8325929748203321,seen,0.883,0.8426214674055295,seen,0.876,0.8323611453869684,unseen_tasks,0.876,0.8364592914993381,seen,0.878,0.8382241865404318,0.879,0.8333931602838789
molecules,tdc_cyp2d6_veith,smiles_bert,6000,4000,1000,1000,2,0.1928,,Therapeutics Data Commons (ADME),0.82,0.808,0.855,0.828,0.853,0.705584097996545,0.7212213671953873,0.7671834219520038,0.7488015913968845,0.7492951637388854,seen,0.852,0.7815493684517535,seen,0.851,0.765837315564729,unseen_tasks,0.853,0.7596377478144468,seen,0.85,0.7666748928723667,0.852,0.766921679043367
molecules,tdc_cyp3a4_substrate_carbonmangels,chemberta_77m_mtr,670,468,67,135,2,0.4701,,Therapeutics Data Commons (ADME),0.6148148148148148,0.5777777777777777,0.5851851851851851,0.5481481481481482,0.6444444444444445,0.6404837251356239,0.6080470162748643,0.582391500904159,0.6058996383363472,0.6445524412296564,seen,0.6444444444444445,0.6275994575045207,seen,0.6,0.6199141048824592,seen,0.5925925925925926,0.6175406871609403,seen,0.5851851851851851,0.6172016274864377,0.6074074074074074,0.6088381555153707
molecules,tdc_cyp3a4_substrate_carbonmangels,chemberta_v2,670,468,67,135,2,0.4701,,Therapeutics Data Commons (ADME),0.5851851851851851,0.6222222222222222,0.6296296296296297,0.6592592592592592,0.6518518518518519,0.6424050632911393,0.6139240506329114,0.648508137432188,0.6155063291139242,0.639014466546112,unseen_encoders,0.6518518518518519,0.6322332730560579,unseen_encoders,0.6444444444444445,0.6534810126582279,unseen_encoders,0.6370370370370371,0.6272603978300181,unseen_encoders,0.6222222222222222,0.6313291139240507,0.6370370370370371,0.6272603978300181
molecules,tdc_cyp3a4_substrate_carbonmangels,chemberta_zinc_base,670,468,67,135,2,0.4701,,Therapeutics Data Commons (ADME),0.6296296296296297,0.6148148148148148,0.6518518518518519,0.6148148148148148,0.6444444444444445,0.6592450271247738,0.6329113924050633,0.6109855334538878,0.6170886075949367,0.648508137432188,seen,0.6296296296296297,0.6424050632911392,seen,0.6222222222222222,0.6528028933092225,seen,0.6370370370370371,0.6311030741410489,seen,0.6296296296296297,0.6367540687160941,0.6370370370370371,0.6286166365280289
molecules,tdc_cyp3a4_substrate_carbonmangels,pubchem10m_bpe,670,468,67,135,2,0.4701,,Therapeutics Data Commons (ADME),0.5925925925925926,0.562962962962963,0.5851851851851851,0.5925925925925926,0.6222222222222222,0.6517857142857143,0.588381555153707,0.6135849909584088,0.6400316455696202,0.6212703435804702,seen,0.6814814814814815,0.6644439421338155,seen,0.6222222222222222,0.6594710669077758,seen,0.6592592592592592,0.6642179023508138,seen,0.5925925925925926,0.6488471971066908,0.6592592592592592,0.6515596745027125
molecules,tdc_cyp3a4_substrate_carbonmangels,smiles_bert,670,468,67,135,2,0.4701,,Therapeutics Data Commons (ADME),0.6074074074074074,0.562962962962963,0.6222222222222222,0.6074074074074074,0.6296296296296297,0.6386754068716094,0.5901898734177216,0.6442133815551537,0.6373191681735985,0.6347197106690778,seen,0.6148148148148148,0.64624773960217,seen,0.6296296296296297,0.6512206148282098,seen,0.6,0.6471518987341772,seen,0.6370370370370371,0.6494122965641953,0.6148148148148148,0.6066907775768534
molecules,tdc_cyp3a4_veith,chemberta_77m_mtr,6000,4000,1000,1000,2,0.4078,,Therapeutics Data Commons (ADME),0.71,0.793,0.772,0.775,0.766,0.7864895330112721,0.8613365539452496,0.8449838969404186,0.8575603864734299,0.8354106280193236,seen,0.785,0.8657608695652174,seen,0.784,0.863719806763285,seen,0.782,0.8587479871175525,seen,0.79,0.8644162640901771,0.78,0.8695933977455717
molecules,tdc_cyp3a4_veith,chemberta_v2,6000,4000,1000,1000,2,0.4078,,Therapeutics Data Commons (ADME),0.723,0.724,0.759,0.739,0.741,0.8044806763285025,0.8154750402576489,0.8456884057971015,0.8294967793880837,0.8348470209339773,unseen_encoders,0.753,0.8425966183574879,unseen_encoders,0.756,0.8381481481481481,unseen_encoders,0.747,0.8346457326892109,unseen_encoders,0.766,0.8450644122383252,0.744,0.836195652173913
molecules,tdc_cyp3a4_veith,chemberta_zinc_base,6000,4000,1000,1000,2,0.4078,,Therapeutics Data Commons (ADME),0.701,0.726,0.736,0.733,0.747,0.7752395330112721,0.8096980676328502,0.8265942028985507,0.8128582930756845,0.8252254428341383,seen,0.749,0.8287359098228665,seen,0.739,0.8221417069243155,seen,0.742,0.823828502415459,seen,0.743,0.8321296296296297,0.733,0.8195008051529791
molecules,tdc_cyp3a4_veith,pubchem10m_bpe,6000,4000,1000,1000,2,0.4078,,Therapeutics Data Commons (ADME),0.734,0.765,0.805,0.79,0.786,0.8230797101449276,0.8493438003220612,0.8780273752012882,0.8769243156199678,0.8674154589371981,seen,0.783,0.8765338164251208,seen,0.785,0.8733433977455717,seen,0.77,0.8656682769726247,seen,0.784,0.8724396135265702,0.776,0.8739452495974236
molecules,tdc_cyp3a4_veith,smiles_bert,6000,4000,1000,1000,2,0.4078,,Therapeutics Data Commons (ADME),0.7,0.723,0.737,0.722,0.701,0.7605515297906602,0.7743156199677939,0.8244041867954911,0.792950885668277,0.8011916264090176,seen,0.727,0.8155958132045088,seen,0.725,0.8057890499194847,seen,0.734,0.8094847020933976,seen,0.722,0.8131561996779388,0.742,0.8143921095008052
molecules,tdc_dili,chemberta_77m_mtr,475,332,47,96,2,0.4968,,Therapeutics Data Commons (TOX),0.6354166666666666,0.6354166666666666,0.7395833333333334,0.7708333333333334,0.75,0.7195652173913044,0.7660869565217392,0.7834782608695652,0.8554347826086955,0.7513043478260869,seen,0.7916666666666666,0.8382608695652174,seen,0.7708333333333334,0.851304347826087,unseen_tasks,0.7395833333333334,0.837391304347826,seen,0.7916666666666666,0.8621739130434782,0.7708333333333334,0.85
molecules,tdc_dili,chemberta_v2,475,332,47,96,2,0.4968,,Therapeutics Data Commons (TOX),0.7708333333333334,0.6666666666666666,0.75,0.78125,0.78125,0.8665217391304347,0.7273913043478261,0.8126086956521739,0.848695652173913,0.8352173913043478,unseen_encoders,0.7604166666666666,0.8947826086956522,unseen_encoders,0.8020833333333334,0.888695652173913,unseen_both,0.8125,0.8904347826086957,unseen_encoders,0.8125,0.8804347826086956,0.7916666666666666,0.8873913043478261
molecules,tdc_dili,chemberta_zinc_base,475,332,47,96,2,0.4968,,Therapeutics Data Commons (TOX),0.78125,0.7291666666666666,0.75,0.8020833333333334,0.8020833333333334,0.8571739130434783,0.7852173913043478,0.8352173913043477,0.865,0.8421739130434782,seen,0.75,0.8821739130434783,seen,0.78125,0.8678260869565217,unseen_tasks,0.8020833333333334,0.8760869565217392,seen,0.8125,0.8726086956521739,0.7395833333333334,0.8873913043478261
molecules,tdc_dili,pubchem10m_bpe,475,332,47,96,2,0.4968,,Therapeutics Data Commons (TOX),0.78125,0.7291666666666666,0.78125,0.8854166666666666,0.8645833333333334,0.8869565217391305,0.8091304347826087,0.8869565217391304,0.9228260869565217,0.9065217391304348,seen,0.84375,0.9082608695652175,seen,0.90625,0.9273913043478261,unseen_tasks,0.8645833333333334,0.9178260869565217,seen,0.8958333333333334,0.9304347826086956,0.8541666666666666,0.9317391304347826
molecules,tdc_dili,smiles_bert,475,332,47,96,2,0.4968,,Therapeutics Data Commons (TOX),0.625,0.6666666666666666,0.6666666666666666,0.78125,0.71875,0.7291304347826086,0.726086956521739,0.7982608695652175,0.857391304347826,0.7717391304347826,seen,0.75,0.8578260869565217,seen,0.7708333333333334,0.8717391304347826,unseen_tasks,0.7604166666666666,0.8669565217391304,seen,0.7708333333333334,0.8573913043478261,0.7708333333333334,0.8569565217391305
molecules,tdc_herg,chemberta_77m_mtr,655,458,65,132,2,0.3115,,Therapeutics Data Commons (TOX),0.7651515151515151,0.7878787878787878,0.803030303030303,0.7727272727272727,0.7727272727272727,0.7746686303387335,0.7256259204712813,0.8346097201767304,0.791899852724595,0.8020618556701032,seen,0.7878787878787878,0.8176730486008836,seen,0.7878787878787878,0.8268041237113402,seen,0.7878787878787878,0.8125184094256259,seen,0.803030303030303,0.843740795287187,0.7803030303030303,0.8144329896907216
molecules,tdc_herg,chemberta_v2,655,458,65,132,2,0.3115,,Therapeutics Data Commons (TOX),0.803030303030303,0.8257575757575758,0.803030303030303,0.803030303030303,0.8181818181818182,0.762739322533137,0.789101620029455,0.7624447717231222,0.8001472754050074,0.8410898379970545,unseen_encoders,0.8106060606060606,0.8499263622974963,unseen_encoders,0.8409090909090909,0.8483063328424153,unseen_encoders,0.8257575757575758,0.8496318114874816,unseen_encoders,0.8333333333333334,0.8378497790868925,0.7954545454545454,0.8500736377025037
molecules,tdc_herg,chemberta_zinc_base,655,458,65,132,2,0.3115,,Therapeutics Data Commons (TOX),0.7954545454545454,0.7727272727272727,0.7954545454545454,0.803030303030303,0.7803030303030303,0.7256259204712813,0.7808541973490427,0.7783505154639175,0.8390279823269514,0.795139911634757,seen,0.7954545454545454,0.8508100147275405,seen,0.803030303030303,0.8487481590574375,seen,0.7954545454545454,0.8438880706921943,seen,0.8106060606060606,0.8279823269513992,0.7803030303030303,0.8306332842415316
molecules,tdc_herg,pubchem10m_bpe,655,458,65,132,2,0.3115,,Therapeutics Data Commons (TOX),0.8106060606060606,0.75,0.7954545454545454,0.7803030303030303,0.7878787878787878,0.711340206185567,0.7653902798232696,0.7552282768777614,0.7693667157584683,0.7460972017673049,seen,0.803030303030303,0.7774668630338734,seen,0.7954545454545454,0.7808541973490427,seen,0.7803030303030303,0.7783505154639175,seen,0.7803030303030303,0.7815905743740796,0.803030303030303,0.7726067746686304
molecules,tdc_herg,smiles_bert,655,458,65,132,2,0.3115,,Therapeutics Data Commons (TOX),0.7196969696969697,0.7575757575757576,0.7575757575757576,0.7575757575757576,0.7348484848484849,0.6500736377025037,0.7681885125184095,0.6877761413843888,0.7085419734904271,0.7382916053019146,seen,0.75,0.7649484536082474,seen,0.7727272727272727,0.7620029455081001,seen,0.7803030303030303,0.7480117820324007,seen,0.75,0.7400589101620029,0.7575757575757576,0.7399116347569955
molecules,tdc_hia_hou,chemberta_77m_mtr,578,404,57,117,2,0.1349,,Therapeutics Data Commons (ADME),0.8888888888888888,0.8888888888888888,0.9230769230769231,0.8974358974358975,0.8632478632478633,0.9193415637860083,0.9456790123456791,0.9432098765432099,0.9615226337448559,0.9477366255144033,seen,0.9145299145299145,0.9732510288065844,seen,0.9230769230769231,0.9707818930041153,seen,0.9145299145299145,0.9732510288065844,seen,0.9145299145299145,0.974485596707819,0.9230769230769231,0.9703703703703703
molecules,tdc_hia_hou,chemberta_v2,578,404,57,117,2,0.1349,,Therapeutics Data Commons (ADME),0.8888888888888888,0.9145299145299145,0.9487179487179487,0.8974358974358975,0.8632478632478633,0.9532921810699588,0.9539094650205762,0.9551440329218106,0.9522633744855967,0.937037037037037,unseen_encoders,0.8888888888888888,0.9777777777777777,unseen_encoders,0.8974358974358975,0.9794238683127572,unseen_encoders,0.8974358974358975,0.9790123456790123,unseen_encoders,0.8974358974358975,0.9728395061728394,0.8974358974358975,0.9761316872427983
molecules,tdc_hia_hou,chemberta_zinc_base,578,404,57,117,2,0.1349,,Therapeutics Data Commons (ADME),0.8974358974358975,0.8974358974358975,0.8974358974358975,0.8717948717948718,0.8632478632478633,0.9030864197530865,0.91440329218107,0.928395061728395,0.9275720164609054,0.8748971193415638,seen,0.8717948717948718,0.9312757201646091,seen,0.8632478632478633,0.9341563786008231,seen,0.8632478632478633,0.9304526748971195,seen,0.8632478632478633,0.9300411522633746,0.8717948717948718,0.9255144032921812
molecules,tdc_hia_hou,pubchem10m_bpe,578,404,57,117,2,0.1349,,Therapeutics Data Commons (ADME),0.8803418803418803,0.9145299145299145,0.9316239316239316,0.9401709401709402,0.9145299145299145,0.946090534979424,0.9683127572016461,0.9761316872427983,0.9691358024691358,0.9604938271604939,seen,0.9145299145299145,0.9757201646090534,seen,0.9145299145299145,0.9781893004115227,seen,0.9230769230769231,0.9757201646090535,seen,0.9145299145299145,0.9765432098765432,0.9230769230769231,0.9740740740740741
molecules,tdc_hia_hou,smiles_bert,578,404,57,117,2,0.1349,,Therapeutics Data Commons (ADME),0.9316239316239316,0.9572649572649573,0.9487179487179487,0.9487179487179487,0.9230769230769231,0.9728395061728394,0.9728395061728395,0.9827160493827161,0.9748971193415638,0.9843621399176955,seen,0.9487179487179487,0.9732510288065844,seen,0.9487179487179487,0.9786008230452675,seen,0.9401709401709402,0.9818930041152263,seen,0.9487179487179487,0.9835390946502058,0.9487179487179487,0.9839506172839507
molecules,tdc_hiv,chemberta_77m_mtr,6000,4000,1000,1000,2,0.0208,,Therapeutics Data Commons (HTS),0.978,0.955,0.982,0.982,0.983,0.5158806802940071,0.7710714094103761,0.5872096142496915,0.610306346907023,0.5624765277107141,seen,0.982,0.537314233596223,seen,0.983,0.5441279038575031,unseen_tasks,0.983,0.5549117441922851,seen,0.983,0.5613498578249907,0.98,0.5248135629593862
molecules,tdc_hiv,chemberta_v2,6000,4000,1000,1000,2,0.0208,,Therapeutics Data Commons (HTS),0.98,0.974,0.982,0.982,0.982,0.6278770320296153,0.6853908471484521,0.6890927624872578,0.7375663930468372,0.6434894575889265,unseen_encoders,0.982,0.5964912280701754,unseen_encoders,0.983,0.6608187134502923,unseen_both,0.982,0.6639304683727668,unseen_encoders,0.983,0.6408069102419658,0.981,0.6219217769193626
molecules,tdc_hiv,chemberta_zinc_base,6000,4000,1000,1000,2,0.0208,,Therapeutics Data Commons (HTS),0.98,0.969,0.981,0.981,0.982,0.6983207253608026,0.6883953001770482,0.5895702559150169,0.6553463168624928,0.6751971672300016,seen,0.983,0.6037341059069692,seen,0.982,0.6542732979237084,unseen_tasks,0.983,0.6449916841032244,seen,0.981,0.6315789473684211,0.98,0.5972423413273245
molecules,tdc_hiv,pubchem10m_bpe,6000,4000,1000,1000,2,0.0208,,Therapeutics Data Commons (HTS),0.977,0.958,0.982,0.982,0.983,0.6381243628950051,0.7542786630184023,0.5909115295884972,0.6393851601480767,0.7105531412629434,seen,0.982,0.6025537850743066,seen,0.982,0.6381780138419442,unseen_tasks,0.982,0.6423091367562638,seen,0.982,0.6558828263318848,0.982,0.6280379848704329
molecules,tdc_hiv,smiles_bert,6000,4000,1000,1000,2,0.0208,,Therapeutics Data Commons (HTS),0.978,0.975,0.981,0.982,0.981,0.6203390739846558,0.5339342239390525,0.6644669778421589,0.5766940286496056,0.6285208433928858,seen,0.982,0.6251944846826547,seen,0.981,0.5800203873598369,unseen_tasks,0.982,0.5386018563227641,seen,0.982,0.5474542625677343,0.98,0.6278770320296152
molecules,tdc_kcnq2_potassium_channel_butkiewicz,chemberta_77m_mtr,6000,4000,1000,1000,2,0.0003,,Therapeutics Data Commons (HTS),,,,,,,,,,,,,,,,,,,,,,,,
molecules,tdc_kcnq2_potassium_channel_butkiewicz,chemberta_v2,6000,4000,1000,1000,2,0.0003,,Therapeutics Data Commons (HTS),,,,,,,,,,,,,,,,,,,,,,,,
molecules,tdc_kcnq2_potassium_channel_butkiewicz,chemberta_zinc_base,6000,4000,1000,1000,2,0.0003,,Therapeutics Data Commons (HTS),,,,,,,,,,,,,,,,,,,,,,,,
molecules,tdc_kcnq2_potassium_channel_butkiewicz,pubchem10m_bpe,6000,4000,1000,1000,2,0.0003,,Therapeutics Data Commons (HTS),,,,,,,,,,,,,,,,,,,,,,,,
molecules,tdc_kcnq2_potassium_channel_butkiewicz,smiles_bert,6000,4000,1000,1000,2,0.0003,,Therapeutics Data Commons (HTS),,,,,,,,,,,,,,,,,,,,,,,,
molecules,tdc_pampa_ncats,chemberta_77m_mtr,2034,1423,203,408,2,0.145,,Therapeutics Data Commons (ADME),0.8627450980392157,0.8382352941176471,0.8529411764705882,0.8676470588235294,0.8676470588235294,0.6528199845480299,0.7025495750708216,0.7181045583311872,0.7575585887200619,0.7317537986093227,seen,0.8700980392156863,0.6527942312644863,seen,0.8676470588235294,0.7332474890548545,seen,0.8627450980392157,0.721967550862735,seen,0.8676470588235294,0.7228946690703065,0.8651960784313726,0.7381921194952357
molecules,tdc_pampa_ncats,chemberta_v2,2034,1423,203,408,2,0.145,,Therapeutics Data Commons (ADME),0.8357843137254902,0.8235294117647058,0.8578431372549019,0.8357843137254902,0.8651960784313726,0.6643059490084986,0.6764357455575586,0.6312129796549061,0.6628895184135978,0.6355910378573268,unseen_encoders,0.8676470588235294,0.631882565027041,unseen_encoders,0.8627450980392157,0.6754056142158126,unseen_encoders,0.8651960784313726,0.676847798094257,unseen_encoders,0.8602941176470589,0.6671645634818439,0.8602941176470589,0.6852433685294875
molecules,tdc_pampa_ncats,chemberta_zinc_base,2034,1423,203,408,2,0.145,,Therapeutics Data Commons (ADME),0.8627450980392157,0.8137254901960784,0.8578431372549019,0.8651960784313726,0.8700980392156863,0.6706155034766933,0.6263713623486995,0.6548029873808912,0.6957764614988412,0.6940509915014165,seen,0.8602941176470589,0.6707700231779553,seen,0.8627450980392157,0.6947720834406387,seen,0.8627450980392157,0.6930723667267578,seen,0.8578431372549019,0.6943600309039403,0.8627450980392157,0.7025495750708215
molecules,tdc_pampa_ncats,pubchem10m_bpe,2034,1423,203,408,2,0.145,,Therapeutics Data Commons (ADME),0.8308823529411765,0.8480392156862745,0.8553921568627451,0.8602941176470589,0.8578431372549019,0.6659541591552923,0.7057944887973217,0.7331959824877673,0.75148081380376,0.7002832861189803,seen,0.8553921568627451,0.7322173577131084,seen,0.8627450980392157,0.7464846767962915,seen,0.8602941176470589,0.7475148081380376,seen,0.8602941176470589,0.7427246973989183,0.8627450980392157,0.736904455318053
molecules,tdc_pampa_ncats,smiles_bert,2034,1423,203,408,2,0.145,,Therapeutics Data Commons (ADME),0.8627450980392157,0.8284313725490197,0.8651960784313726,0.8725490196078431,0.8529411764705882,0.6524336852948751,0.670048931238733,0.7229461756373938,0.7321658511460212,0.716198815348957,seen,0.8553921568627451,0.7222765902652588,seen,0.8578431372549019,0.7464846767962915,seen,0.8578431372549019,0.748596446046871,seen,0.8602941176470589,0.7462786505279424,0.8602941176470589,0.7364924027813546
molecules,tdc_pgp_broccatelli,chemberta_77m_mtr,1218,852,121,245,2,0.4663,,Therapeutics Data Commons (ADME),0.8530612244897959,0.7551020408163265,0.8489795918367347,0.8489795918367347,0.8163265306122449,0.9051252999200214,0.8381764862703279,0.9232204745401227,0.9360170621167689,0.9131564916022396,seen,0.8857142857142857,0.9509464142895229,unseen_tasks,0.8612244897959184,0.9496134364169555,seen,0.8734693877551021,0.9490135963743003,unseen_tasks,0.8612244897959184,0.9488136496934152,0.8816326530612245,0.9458144494801386
molecules,tdc_pgp_broccatelli,chemberta_v2,1218,852,121,245,2,0.4663,,Therapeutics Data Commons (ADME),0.8,0.746938775510204,0.7673469387755102,0.8163265306122449,0.8244897959183674,0.8735670487869901,0.8545054652092775,0.8802319381498266,0.8942615302585977,0.8946947480671821,unseen_encoders,0.8326530612244898,0.9146894161556918,unseen_both,0.8448979591836735,0.9084244201546254,unseen_encoders,0.8367346938775511,0.9122234070914422,unseen_both,0.8244897959183674,0.9146894161556918,0.8285714285714286,0.9119568115169288
molecules,tdc_pgp_broccatelli,chemberta_zinc_base,1218,852,121,245,2,0.4663,,Therapeutics Data Commons (ADME),0.7877551020408163,0.8244897959183674,0.8,0.7551020408163265,0.7795918367346939,0.8826312983204478,0.8750333244468143,0.8855638496400959,0.8857304718741669,0.8877632631298321,seen,0.7918367346938775,0.8988936283657691,unseen_tasks,0.7959183673469388,0.893761663556385,seen,0.7673469387755102,0.9010263929618769,unseen_tasks,0.7673469387755102,0.9002932551319648,0.8244897959183674,0.8976272993868302
molecules,tdc_pgp_broccatelli,pubchem10m_bpe,1218,852,121,245,2,0.4663,,Therapeutics Data Commons (ADME),0.8775510204081632,0.8285714285714286,0.8734693877551021,0.8857142857142857,0.8367346938775511,0.9284857371367636,0.899226872833911,0.9291522260730471,0.9418155158624367,0.9210877099440149,seen,0.8693877551020408,0.9445481205011999,unseen_tasks,0.8938775510204081,0.9456145027992535,seen,0.889795918367347,0.9435483870967742,unseen_tasks,0.8857142857142857,0.942948547054119,0.8775510204081632,0.9420154625433218
molecules,tdc_pgp_broccatelli,smiles_bert,1218,852,121,245,2,0.4663,,Therapeutics Data Commons (ADME),0.8571428571428571,0.7142857142857143,0.7714285714285715,0.7836734693877551,0.7836734693877551,0.8790989069581445,0.817981871500933,0.8603705678485737,0.8793655025326581,0.8693015195947748,seen,0.8204081632653061,0.9019594774726739,unseen_tasks,0.8326530612244898,0.901426286323647,seen,0.8163265306122449,0.9030258597707278,unseen_tasks,0.8408163265306122,0.9053585710477207,0.8163265306122449,0.9003599040255932
molecules,tdc_sarscov2_3clpro_diamond,chemberta_77m_mtr,880,616,88,176,2,0.0886,,Therapeutics Data Commons (HTS),0.8636363636363636,0.8579545454545454,0.8863636363636364,0.8920454545454546,0.8806818181818182,0.6772657450076804,0.7637480798771121,0.6187403993855606,0.6708141321044546,0.7041474654377882,unseen_tasks,0.8806818181818182,0.7360983102918587,seen,0.8863636363636364,0.6685099846390169,seen,0.8863636363636364,0.6620583717357911,seen,0.8863636363636364,0.647926267281106,0.8863636363636364,0.6903225806451613
molecules,tdc_sarscov2_3clpro_diamond,chemberta_v2,880,616,88,176,2,0.0886,,Therapeutics Data Commons (HTS),0.8806818181818182,0.8522727272727273,0.8806818181818182,0.8863636363636364,0.8863636363636364,0.7013824884792625,0.6961597542242703,0.7274961597542243,0.7142857142857143,0.6715821812596007,unseen_both,0.8806818181818182,0.7330261136712749,unseen_encoders,0.8863636363636364,0.7299539170506911,unseen_encoders,0.8977272727272727,0.7268817204301076,unseen_encoders,0.8863636363636364,0.7219662058371736,0.8920454545454546,0.7075268817204301
molecules,tdc_sarscov2_3clpro_diamond,chemberta_zinc_base,880,616,88,176,2,0.0886,,Therapeutics Data Commons (HTS),0.8352272727272727,0.875,0.8920454545454546,0.8863636363636364,0.8806818181818182,0.64715821812596,0.6725038402457756,0.6890937019969278,0.6391705069124423,0.6030721966205836,unseen_tasks,0.8806818181818182,0.6927803379416283,seen,0.8806818181818182,0.70752688172043,seen,0.8863636363636364,0.7059907834101382,seen,0.8806818181818182,0.7010752688172043,0.8693181818181818,0.7247311827956989
molecules,tdc_sarscov2_3clpro_diamond,pubchem10m_bpe,880,616,88,176,2,0.0886,,Therapeutics Data Commons (HTS),0.8693181818181818,0.8579545454545454,0.8863636363636364,0.8977272727272727,0.8977272727272727,0.6694316436251919,0.7637480798771121,0.717357910906298,0.7110599078341014,0.7271889400921658,unseen_tasks,0.8863636363636364,0.7692780337941628,seen,0.8863636363636364,0.723195084485407,seen,0.8863636363636364,0.7225806451612903,seen,0.8863636363636364,0.7262672811059908,0.8977272727272727,0.7222734254992319
molecules,tdc_sarscov2_3clpro_diamond,smiles_bert,880,616,88,176,2,0.0886,,Therapeutics Data Commons (HTS),0.8636363636363636,0.8806818181818182,0.8863636363636364,0.8863636363636364,0.875,0.7285714285714286,0.7394777265745007,0.7474654377880184,0.7254992319508449,0.7539170506912442,unseen_tasks,0.8863636363636364,0.7370199692780338,seen,0.8863636363636364,0.7290322580645162,seen,0.8806818181818182,0.744700460829493,seen,0.8863636363636364,0.7357910906298003,0.8863636363636364,0.7271889400921658
molecules,tdc_skin_reaction,chemberta_77m_mtr,404,282,40,82,2,0.3218,,Therapeutics Data Commons (TOX),0.5365853658536586,0.5365853658536586,0.6463414634146342,0.6097560975609756,0.5975609756097561,0.5860182370820669,0.6036474164133738,0.6504559270516718,0.6179331306990882,0.6382978723404256,seen,0.5853658536585366,0.6121580547112463,seen,0.6097560975609756,0.6589665653495441,seen,0.6097560975609756,0.6340425531914893,seen,0.6219512195121951,0.6492401215805471,0.5975609756097561,0.5659574468085106
molecules,tdc_skin_reaction,chemberta_v2,404,282,40,82,2,0.3218,,Therapeutics Data Commons (TOX),0.6341463414634146,0.5609756097560976,0.6585365853658537,0.6707317073170732,0.6707317073170732,0.6142857142857142,0.5714285714285715,0.6401215805471124,0.6237082066869301,0.641337386018237,unseen_encoders,0.5853658536585366,0.6656534954407295,unseen_encoders,0.6585365853658537,0.6492401215805471,unseen_encoders,0.6707317073170732,0.6534954407294833,unseen_encoders,0.6829268292682927,0.6638297872340425,0.6829268292682927,0.641337386018237
molecules,tdc_skin_reaction,chemberta_zinc_base,404,282,40,82,2,0.3218,,Therapeutics Data Commons (TOX),0.6707317073170732,0.5487804878048781,0.6463414634146342,0.5975609756097561,0.5853658536585366,0.7130699088145898,0.5057750759878419,0.6370820668693008,0.6252279635258359,0.6243161094224924,seen,0.6463414634146342,0.6778115501519757,seen,0.6463414634146342,0.6516717325227962,seen,0.6463414634146342,0.6577507598784195,seen,0.6463414634146342,0.6693009118541032,0.573170731707317,0.6066869300911854
molecules,tdc_skin_reaction,pubchem10m_bpe,404,282,40,82,2,0.3218,,Therapeutics Data Commons (TOX),0.5365853658536586,0.6585365853658537,0.6097560975609756,0.6463414634146342,0.6707317073170732,0.5954407294832826,0.6942249240121581,0.6261398176291794,0.7240121580547113,0.6437689969604864,seen,0.5853658536585366,0.6042553191489362,seen,0.573170731707317,0.6407294832826748,seen,0.5975609756097561,0.6255319148936169,seen,0.5975609756097561,0.6297872340425532,0.6097560975609756,0.6127659574468085
molecules,tdc_skin_reaction,smiles_bert,404,282,40,82,2,0.3218,,Therapeutics Data Commons (TOX),0.6829268292682927,0.5487804878048781,0.6097560975609756,0.5975609756097561,0.5853658536585366,0.6808510638297872,0.5623100303951368,0.688145896656535,0.6009118541033435,0.6838905775075986,seen,0.6585365853658537,0.6632218844984802,seen,0.6463414634146342,0.6206686930091185,seen,0.6463414634146342,0.6437689969604864,seen,0.6585365853658537,0.6662613981762918,0.6341463414634146,0.6212765957446809
proteins,prot_allergenic,ankh_base,5680,3408,1136,1136,2,0.5,binary,HuggingFace (LrZhang/Protein_allergenic),0.891725352112676,0.9049295774647887,0.914612676056338,0.9242957746478874,0.920774647887324,0.9548080737948819,0.9599626810156716,0.9718464838325729,0.9725903838524101,0.9726306784368182,seen,0.9251760563380281,0.9722928238444754,seen,0.9234154929577465,0.9748127851616741,seen,0.9269366197183099,0.9722370313429876,seen,0.9295774647887324,0.9733714788732394,0.9251760563380281,0.9759038385241023
proteins,prot_allergenic,esm2_150m,5680,3408,1136,1136,2,0.5,binary,HuggingFace (LrZhang/Protein_allergenic),0.9137323943661971,0.9022887323943662,0.9216549295774648,0.9251760563380281,0.9216549295774648,0.9589181214044833,0.9577929726244793,0.9710064967268398,0.9773621925213252,0.974028590557429,seen,0.9330985915492958,0.9800975748859354,seen,0.9322183098591549,0.9790995090259869,seen,0.9330985915492958,0.979883703630232,seen,0.9348591549295775,0.9792792848641143,0.9330985915492958,0.979341276532434
proteins,prot_allergenic,esm2_650m,5680,3408,1136,1136,2,0.5,binary,HuggingFace (LrZhang/Protein_allergenic),0.9234154929577465,0.9084507042253521,0.9278169014084507,0.9313380281690141,0.9172535211267606,0.9711645754810554,0.9621323894068636,0.9764772614560603,0.9804478278119421,0.9748623784963302,seen,0.9401408450704225,0.98158537492561,seen,0.9366197183098591,0.9817000595120016,seen,0.9357394366197183,0.9811638315810356,seen,0.9322183098591549,0.9808228774052766,0.9383802816901409,0.9815233832572902
proteins,prot_allergenic,prot_bert,5680,3408,1136,1136,2,0.5,binary,HuggingFace (LrZhang/Protein_allergenic),0.9102112676056338,0.9119718309859155,0.9242957746478874,0.9225352112676056,0.9242957746478874,0.9580037442967666,0.9583292005554455,0.9727763588573695,0.9726647738543939,0.9723145209283871,seen,0.9392605633802817,0.9797597202935926,seen,0.9357394366197183,0.978522986510613,seen,0.9366197183098591,0.9788422436024596,seen,0.9392605633802817,0.9793102806982741,0.9304577464788732,0.9789011356873636
proteins,prot_anticancer_peptide,ankh_base,949,569,190,190,4,0.019,multiclass,HuggingFace (gelabgaboo/Anticancer-peptide),0.8421052631578947,0.8947368421052632,0.8789473684210526,0.8842105263157894,0.8421052631578947,0.8541428472071961,0.933841538901425,0.9233866714578632,0.9567436130258724,0.9464943973911162,seen,0.8894736842105263,0.9612483205052909,unseen_tasks,0.8842105263157894,0.9584576442768384,seen,0.8789473684210526,0.9630442142437637,seen,0.868421052631579,0.9621941632407035,0.8894736842105263,0.9555218025202725
proteins,prot_anticancer_peptide,esm2_150m,949,569,190,190,4,0.019,multiclass,HuggingFace (gelabgaboo/Anticancer-peptide),0.8789473684210526,0.8789473684210526,0.8789473684210526,0.8736842105263158,0.8631578947368421,0.859612184837151,0.9238095563764129,0.8921318970047293,0.9627187979763635,0.9407609927050169,seen,0.8789473684210526,0.9609753614004719,unseen_tasks,0.868421052631579,0.9639384872183241,seen,0.8894736842105263,0.9649347044913605,seen,0.8631578947368421,0.9655005409415474,0.868421052631579,0.9630726239786508
proteins,prot_anticancer_peptide,esm2_650m,949,569,190,190,4,0.019,multiclass,HuggingFace (gelabgaboo/Anticancer-peptide),0.8842105263157894,0.868421052631579,0.8789473684210526,0.8631578947368421,0.8368421052631579,0.8880029494193894,0.8564050647584309,0.8702559477811094,0.9343627734330727,0.9311557563908379,seen,0.8736842105263158,0.96273728658568,unseen_tasks,0.868421052631579,0.9559073920950408,seen,0.8736842105263158,0.9587333711992417,seen,0.8736842105263158,0.9594227625627235,0.8631578947368421,0.954044416452866
proteins,prot_anticancer_peptide,prot_bert,949,569,190,190,4,0.019,multiclass,HuggingFace (gelabgaboo/Anticancer-peptide),0.8947368421052632,0.8736842105263158,0.9,0.8894736842105263,0.8842105263157894,0.8179605550575458,0.8778109306255344,0.8552260066664605,0.9377119112752825,0.9372647895994971,seen,0.8789473684210526,0.930665094072311,unseen_tasks,0.8947368421052632,0.941465020401224,seen,0.9,0.9418705513997505,seen,0.9,0.948544120222971,0.9,0.9385564833132413
proteins,prot_cloning_stage,ankh_base,8000,4800,1600,1600,2,0.3944,binary,HuggingFace (proteinglm/cloning_clf),0.65125,0.65125,0.696875,0.719375,0.703125,0.6813287997657985,0.7078449362896381,0.7481449498641729,0.7597070190157972,0.7571057783360238,seen,0.725625,0.7556044020744506,seen,0.719375,0.7535682218504218,seen,0.715625,0.744623748239808,seen,0.7225,0.7554473954065737,0.71125,0.7587608902932264
proteins,prot_cloning_stage,esm2_150m,8000,4800,1600,1600,2,0.3944,binary,HuggingFace (proteinglm/cloning_clf),0.65375,0.678125,0.7225,0.705625,0.699375,0.6804178339948875,0.7227082341819872,0.7669955629261463,0.7304489900055443,0.7255719703846173,seen,0.71875,0.7572464301426635,seen,0.72125,0.7492063803584659,seen,0.711875,0.7413560469646197,seen,0.7175,0.751669422460785,0.71875,0.7543009196338473
proteins,prot_cloning_stage,esm2_650m,8000,4800,1600,1600,2,0.3944,binary,HuggingFace (proteinglm/cloning_clf),0.628125,0.6825,0.715625,0.6825,0.69875,0.6617029662811826,0.7318800403637976,0.7551333820708198,0.7092645382450252,0.7304964191031321,seen,0.714375,0.7419464574552816,seen,0.7,0.7397941577164688,seen,0.70125,0.7297898890976859,seen,0.709375,0.7414525406459188,0.71125,0.7449688358119125
proteins,prot_cloning_stage,prot_bert,8000,4800,1600,1600,2,0.3944,binary,HuggingFace (proteinglm/cloning_clf),0.620625,0.650625,0.7,0.684375,0.68125,0.6581727694831373,0.6954266901522473,0.744067682957744,0.7109147437438567,0.7163723609387037,seen,0.69875,0.7337019719056193,seen,0.699375,0.7305716514648231,seen,0.695,0.7233885964094537,seen,0.694375,0.7307679097996693,0.700625,0.7343627082996014
proteins,prot_deeploc_binary,ankh_base,1500,1052,224,224,2,0.3747,,HuggingFace (SaProtHub/Dataset-Binary_Localization-DeepLoc),0.9330357142857143,0.9330357142857143,0.9553571428571429,0.9464285714285714,0.9419642857142857,0.9897108843537414,0.9761054421768708,0.9889455782312925,0.987797619047619,0.9877551020408164,unseen_tasks,0.9375,0.9874149659863946,seen,0.9464285714285714,0.9875850340136054,seen,0.9508928571428571,0.9871598639455783,seen,0.9508928571428571,0.9877551020408163,0.9375,0.9869897959183673
proteins,prot_deeploc_binary,esm2_150m,1500,1052,224,224,2,0.3747,,HuggingFace (SaProtHub/Dataset-Binary_Localization-DeepLoc),0.90625,0.9508928571428571,0.9508928571428571,0.9598214285714286,0.9464285714285714,0.9698129251700681,0.9842687074829932,0.9905612244897959,0.990561224489796,0.9885204081632654,unseen_tasks,0.9508928571428571,0.9928571428571429,seen,0.9553571428571429,0.9928571428571429,seen,0.9508928571428571,0.993452380952381,seen,0.9598214285714286,0.9946428571428572,0.9464285714285714,0.9939625850340136
proteins,prot_deeploc_binary,esm2_650m,1500,1052,224,224,2,0.3747,,HuggingFace (SaProtHub/Dataset-Binary_Localization-DeepLoc),0.9151785714285714,0.9464285714285714,0.9375,0.9419642857142857,0.9330357142857143,0.9799319727891156,0.9812925170068028,0.9835034013605443,0.991624149659864,0.9861394557823129,unseen_tasks,0.9464285714285714,0.9930272108843538,seen,0.9642857142857143,0.9930272108843538,seen,0.9598214285714286,0.9953231292517006,seen,0.9642857142857143,0.9945578231292517,0.9375,0.9920918367346939
proteins,prot_deeploc_binary,prot_bert,1500,1052,224,224,2,0.3747,,HuggingFace (SaProtHub/Dataset-Binary_Localization-DeepLoc),0.9017857142857143,0.9285714285714286,0.9330357142857143,0.9508928571428571,0.9241071428571429,0.9732993197278911,0.9797619047619047,0.9823979591836736,0.9806972789115647,0.9770408163265306,unseen_tasks,0.9196428571428571,0.9892006802721088,seen,0.9419642857142857,0.9884353741496599,seen,0.9330357142857143,0.9863945578231292,seen,0.9419642857142857,0.9889455782312926,0.9151785714285714,0.989030612244898
proteins,prot_deeploc_multi,ankh_base,1500,1056,222,222,10,0.01,,HuggingFace (SaProtHub/Dataset-Subcellular_Localization-DeepLoc),0.8288288288288288,0.7927927927927928,0.8243243243243243,0.8198198198198198,0.8063063063063063,0.9233578211591091,0.9574598335954038,0.9703554705440487,0.9551177106242152,0.9464353737632566,seen,0.8288288288288288,0.966152563282756,unseen_tasks,0.8063063063063063,0.9691034051713616,seen,0.8153153153153153,0.9678740836664395,seen,0.8333333333333334,0.9697826223469441,0.8243243243243243,0.9716665379841352
proteins,prot_deeploc_multi,esm2_150m,1500,1056,222,222,10,0.01,,HuggingFace (SaProtHub/Dataset-Subcellular_Localization-DeepLoc),0.7972972972972973,0.7972972972972973,0.8243243243243243,0.8243243243243243,0.8063063063063063,0.9250839532182633,0.9554802439634409,0.9531950872785331,0.9671781136295085,0.9386597187150298,seen,0.8243243243243243,0.9658462137512144,unseen_tasks,0.8243243243243243,0.9662428309023952,seen,0.8108108108108109,0.967745797318725,seen,0.8378378378378378,0.9667637144254406,0.8153153153153153,0.9670818866544686
proteins,prot_deeploc_multi,esm2_650m,1500,1056,222,222,10,0.01,,HuggingFace (SaProtHub/Dataset-Subcellular_Localization-DeepLoc),0.8108108108108109,0.8333333333333334,0.8108108108108109,0.8288288288288288,0.8198198198198198,0.9226176770190164,0.9628388873092073,0.9709592141388178,0.9747931595391396,0.9712646913128765,seen,0.8333333333333334,0.968093190970549,unseen_tasks,0.8333333333333334,0.9665986268087272,seen,0.8288288288288288,0.9695160693644425,seen,0.8423423423423423,0.9697085807913648,0.8288288288288288,0.9665591026324106
proteins,prot_deeploc_multi,prot_bert,1500,1056,222,222,10,0.01,,HuggingFace (SaProtHub/Dataset-Subcellular_Localization-DeepLoc),0.7837837837837838,0.7657657657657657,0.7792792792792793,0.7792792792792793,0.7387387387387387,0.8844095410227155,0.9414096691561168,0.9467091439200356,0.9414857277728872,0.9312381694610133,seen,0.7837837837837838,0.954622456133321,unseen_tasks,0.7972972972972973,0.9563991030664301,seen,0.7927927927927928,0.9545865693205448,seen,0.7837837837837838,0.9553073215941517,0.8018018018018018,0.9535678439544425
proteins,prot_hemolytic_peptide,ankh_base,4611,2766,922,923,2,0.2065,binary,HuggingFace (jablonkagroup/peptides_hemolytic),0.7627302275189599,0.7258938244853738,0.7735644637053087,0.7887323943661971,0.781148429035753,0.6430599662403799,0.644923182559437,0.6956269848081711,0.7141053700683775,0.6812219265871312,seen,0.7952329360780065,0.736081309186622,seen,0.7919826652221018,0.7291076588561782,seen,0.7887323943661971,0.7167839670414556,seen,0.7930660888407367,0.7229958801819586,0.7833152762730228,0.7255028180699797
proteins,prot_hemolytic_peptide,esm2_150m,4611,2766,922,923,2,0.2065,binary,HuggingFace (jablonkagroup/peptides_hemolytic),0.7789815817984832,0.7226435536294691,0.7930660888407367,0.7887323943661971,0.7854821235102926,0.6498834148713987,0.6411073441478556,0.7069135696506738,0.7209466998540895,0.6553729293622864,seen,0.7919826652221018,0.7424183904099791,seen,0.7887323943661971,0.7362994592738821,seen,0.7854821235102926,0.7145345177810203,seen,0.7887323943661971,0.7292650130174806,0.7908992416034669,0.7032085943981917
proteins,prot_hemolytic_peptide,esm2_650m,4611,2766,922,923,2,0.2065,binary,HuggingFace (jablonkagroup/peptides_hemolytic),0.7735644637053087,0.7172264355362947,0.781148429035753,0.789815817984832,0.7800650054171181,0.6265914227677166,0.6419084198781221,0.7075823248362085,0.6934919749377736,0.6840399965668182,seen,0.7887323943661971,0.7321331502303092,seen,0.7876489707475623,0.7318363230623981,seen,0.7854821235102926,0.7058263954453123,seen,0.7919826652221018,0.7170521843618574,0.7887323943661971,0.6855598947157611
proteins,prot_hemolytic_peptide,prot_bert,4611,2766,922,923,2,0.2065,binary,HuggingFace (jablonkagroup/peptides_hemolytic),0.7551462621885157,0.7248104008667389,0.7746478873239436,0.7908992416034669,0.781148429035753,0.6294988985208708,0.6322418676508454,0.6757431407890595,0.6681901410465482,0.6496795697078934,seen,0.7963163596966414,0.7051576402597775,seen,0.7930660888407367,0.6948867050038623,seen,0.7887323943661971,0.6753282980001716,seen,0.7865655471289275,0.690956427202243,0.7919826652221018,0.6815723972191228
proteins,prot_material_production,ankh_base,8000,4800,1600,1600,2,0.2999,binary,HuggingFace (proteinglm/material_production),0.75625,0.719375,0.760625,0.755625,0.769375,0.7797243364949651,0.737678295735801,0.8193102266653506,0.8118860099188207,0.8114194938533483,seen,0.77375,0.8277689730500839,seen,0.763125,0.82350049072648,seen,0.77,0.8217573408770502,unseen_tasks,0.774375,0.8260518959548122,0.775,0.8272456556273384
proteins,prot_material_production,esm2_150m,8000,4800,1600,1600,2,0.2999,binary,HuggingFace (proteinglm/material_production),0.75,0.734375,0.7725,0.75875,0.765625,0.7692756802660912,0.7661441562577403,0.8275436299605743,0.8189824548987912,0.8194564203225945,seen,0.77375,0.8349222193873275,seen,0.7725,0.8326445780776559,seen,0.780625,0.8315402107051004,unseen_tasks,0.78875,0.8351233520622617,0.774375,0.8296145515765636
proteins,prot_material_production,esm2_650m,8000,4800,1600,1600,2,0.2999,binary,HuggingFace (proteinglm/material_production),0.754375,0.723125,0.7675,0.749375,0.7625,0.7781338984913188,0.7614640968863544,0.8397270555107559,0.8043370164202481,0.8270836320836413,seen,0.78375,0.8412616233269207,seen,0.764375,0.8342592264958777,seen,0.773125,0.8358068306891215,unseen_tasks,0.77625,0.8368255304408717,0.77375,0.8350581701768663
proteins,prot_material_production,prot_bert,8000,4800,1600,1600,2,0.2999,binary,HuggingFace (proteinglm/material_production),0.7475,0.731875,0.77125,0.7425,0.7525,0.7554133555820836,0.7626820669734561,0.8198018843151897,0.802271681823007,0.8063315821133457,seen,0.7625,0.8274896221126753,seen,0.760625,0.8199322480859805,seen,0.75375,0.8195448814527739,unseen_tasks,0.76375,0.8235023530660626,0.7525,0.8177439990762796
proteins,prot_metal_ion,ankh_base,1500,1052,224,224,2,0.4707,,HuggingFace (SaProtHub/Dataset-Metal_Ion_Binding),0.7723214285714286,0.7857142857142857,0.7946428571428571,0.8348214285714286,0.8258928571428571,0.8573829531812724,0.8012004801920768,0.8837935174069629,0.8953181272509003,0.8933973589435774,seen,0.8348214285714286,0.8913965586234495,seen,0.8392857142857143,0.8985994397759103,unseen_tasks,0.84375,0.8953181272509003,seen,0.8348214285714286,0.8944377751100441,0.8348214285714286,0.9024409763905563
proteins,prot_metal_ion,esm2_150m,1500,1052,224,224,2,0.4707,,HuggingFace (SaProtHub/Dataset-Metal_Ion_Binding),0.7901785714285714,0.8035714285714286,0.7901785714285714,0.8080357142857143,0.75,0.8689475790316126,0.8529011604641856,0.8854741896758703,0.890796318527411,0.8689875950380154,seen,0.7857142857142857,0.8832332933173269,seen,0.7946428571428571,0.8934773909563826,unseen_tasks,0.7991071428571429,0.8865946378551421,seen,0.7991071428571429,0.887234893957583,0.7991071428571429,0.8864345738295318
proteins,prot_metal_ion,esm2_650m,1500,1052,224,224,2,0.4707,,HuggingFace (SaProtHub/Dataset-Metal_Ion_Binding),0.7544642857142857,0.7767857142857143,0.7901785714285714,0.78125,0.7991071428571429,0.8482993197278912,0.8385754301720688,0.8706682673069227,0.8814725890356143,0.8761904761904762,seen,0.8169642857142857,0.8814725890356143,seen,0.8169642857142857,0.8893957583033214,unseen_tasks,0.8080357142857143,0.876110444177671,seen,0.8169642857142857,0.8853941576630653,0.8125,0.8914765906362545
proteins,prot_metal_ion,prot_bert,1500,1052,224,224,2,0.4707,,HuggingFace (SaProtHub/Dataset-Metal_Ion_Binding),0.7276785714285714,0.7678571428571429,0.7410714285714286,0.7723214285714286,0.7767857142857143,0.8437775110044017,0.8208883553421369,0.8399359743897559,0.8804721888755502,0.8468987595038016,seen,0.7901785714285714,0.8765906362545018,seen,0.7857142857142857,0.8749899959983993,unseen_tasks,0.78125,0.8683473389355741,seen,0.7857142857142857,0.8735494197679071,0.7946428571428571,0.87875150060024
proteins,prot_nonfouling_peptide,ankh_base,8000,4800,1600,1600,2,0.2097,binary,HuggingFace (jablonkagroup/peptides_nonfouling),0.853125,0.830625,0.860625,0.87125,0.858125,0.9104430417084538,0.8988567046191964,0.9337525809686744,0.9363494779069081,0.9299297976520559,seen,0.865625,0.9380095569582915,seen,0.863125,0.9385310601144474,seen,0.864375,0.9378302165064006,seen,0.865,0.9384697068019585,0.86,0.9367883900654828
proteins,prot_nonfouling_peptide,esm2_150m,8000,4800,1600,1600,2,0.2097,binary,HuggingFace (jablonkagroup/peptides_nonfouling),0.84,0.84625,0.86375,0.871875,0.8525,0.8993664090614123,0.91843785027432,0.936662143826323,0.9380248952864138,0.9241649460208837,seen,0.869375,0.9383163235207362,seen,0.865,0.9377547047371837,seen,0.87125,0.9363081824081175,seen,0.87125,0.9380142764438677,0.86875,0.9363884136629107
proteins,prot_nonfouling_peptide,esm2_650m,8000,4800,1600,1600,2,0.2097,binary,HuggingFace (jablonkagroup/peptides_nonfouling),0.835625,0.82875,0.86375,0.86625,0.8575,0.8925066367765915,0.9069860185239809,0.9363058226653295,0.9354539555188484,0.9262674768450239,seen,0.86,0.936722317267418,seen,0.86125,0.9365960710282579,seen,0.861875,0.9366196684561383,seen,0.86125,0.936862721963306,0.86,0.93659371128547
proteins,prot_nonfouling_peptide,prot_bert,8000,4800,1600,1600,2,0.2097,binary,HuggingFace (jablonkagroup/peptides_nonfouling),0.8375,0.829375,0.865,0.863125,0.844375,0.891441212907793,0.8906896348298036,0.9271972155035102,0.9287039112736712,0.9162928440799953,seen,0.858125,0.9282567400153383,seen,0.859375,0.9269871983953748,seen,0.859375,0.9280113267653824,seen,0.865,0.9279830098519262,0.859375,0.9289339861955047
proteins,prot_remote_homology,ankh_base,3000,1800,600,600,7,0.015,multiclass,HuggingFace (proteinea/remote_homology),0.83,0.9083333333333333,0.9083333333333333,0.8966666666666666,0.8266666666666667,0.9014386543943645,0.9497647645559646,0.9514054526445003,0.960760793588651,0.9275496249213402,unseen_tasks,0.895,0.9655714788917023,seen,0.8966666666666666,0.9660337068132465,unseen_tasks,0.9,0.9646882164864449,seen,0.8983333333333333,0.9640657280463361,0.8833333333333333,0.9682406343857795
proteins,prot_remote_homology,esm2_150m,3000,1800,600,600,7,0.015,multiclass,HuggingFace (proteinea/remote_homology),0.735,0.845,0.8483333333333334,0.8466666666666667,0.765,0.8614776005050929,0.955139811947146,0.9573619724303525,0.9778273726638657,0.9104491732963195,unseen_tasks,0.8783333333333333,0.9697760055723508,seen,0.8633333333333333,0.967258137978803,unseen_tasks,0.8633333333333333,0.967100604651643,seen,0.8666666666666667,0.9681537652830422,0.8716666666666667,0.9709611277130588
proteins,prot_remote_homology,esm2_650m,3000,1800,600,600,7,0.015,multiclass,HuggingFace (proteinea/remote_homology),0.69,0.8633333333333333,0.88,0.8266666666666667,0.75,0.8562358310744959,0.9623724545519691,0.9666336892263435,0.9512056252944913,0.910009155918121,unseen_tasks,0.8783333333333333,0.9710412716899034,seen,0.8683333333333333,0.9659594426343998,unseen_tasks,0.8716666666666667,0.9656139645196561,seen,0.8566666666666667,0.9688796815765832,0.8533333333333334,0.9697045455494848
proteins,prot_remote_homology,prot_bert,3000,1800,600,600,7,0.015,multiclass,HuggingFace (proteinea/remote_homology),0.6116666666666667,0.81,0.8283333333333334,0.7516666666666667,0.6733333333333333,0.8123363240166326,0.9444784940426159,0.9534634738024882,0.9223042322456881,0.8896582520937003,unseen_tasks,0.8183333333333334,0.9480300305236445,seen,0.8033333333333333,0.945907475887176,unseen_tasks,0.8116666666666666,0.9464735660902885,seen,0.8033333333333333,0.9471417669316432,0.8033333333333333,0.9485943303101203
proteins,prot_sabdab_chen,ankh_base,2409,1687,361,361,2,0.2001,,Therapeutics Data Commons (Develop),0.850415512465374,0.8559556786703602,0.8698060941828255,0.8753462603878116,0.8725761772853186,0.8385476739715494,0.8722606689734718,0.8952566320645905,0.8910995770857363,0.8939590542099193,unseen_tasks,0.8781163434903048,0.8944396386005382,seen,0.8670360110803325,0.8983323721645521,seen,0.8725761772853186,0.8982843137254901,unseen_tasks,0.8725761772853186,0.8979479046520569,0.8781163434903048,0.9033304498269895
proteins,prot_sabdab_chen,esm2_150m,2409,1687,361,361,2,0.2001,,Therapeutics Data Commons (Develop),0.850415512465374,0.8642659279778393,0.8587257617728532,0.8614958448753463,0.8725761772853186,0.8280469050365244,0.8601739715494041,0.8789407920030758,0.894559784698193,0.894127258746636,unseen_tasks,0.8670360110803325,0.8842752787389465,seen,0.8559556786703602,0.896914648212226,seen,0.8642659279778393,0.8905709342560553,unseen_tasks,0.8670360110803325,0.893598615916955,0.8642659279778393,0.890282583621684
proteins,prot_sabdab_chen,esm2_650m,2409,1687,361,361,2,0.2001,,Therapeutics Data Commons (Develop),0.8559556786703602,0.8587257617728532,0.8476454293628809,0.850415512465374,0.8614958448753463,0.8427047289504037,0.8535419069588619,0.8786524413687044,0.8738465974625144,0.8917243367935409,unseen_tasks,0.8642659279778393,0.8706266820453673,seen,0.853185595567867,0.8866301422529796,seen,0.8559556786703602,0.881199538638985,unseen_tasks,0.8448753462603878,0.8849480968858131,0.8670360110803325,0.8808150711264898
proteins,prot_sabdab_chen,prot_bert,2409,1687,361,361,2,0.2001,,Therapeutics Data Commons (Develop),0.8587257617728532,0.8365650969529086,0.8282548476454293,0.850415512465374,0.8587257617728532,0.8314830834294502,0.8574346405228758,0.8599577085736254,0.8791810841983853,0.8866301422529796,unseen_tasks,0.8614958448753463,0.8858612072279892,seen,0.8642659279778393,0.8909073433294885,seen,0.8559556786703602,0.8842272202998847,unseen_tasks,0.853185595567867,0.887879661668589,0.8670360110803325,0.883121876201461
proteins,prot_solubility,ankh_base,2500,1500,500,500,2,0.4132,binary,SaProtHub (Dataset-Solubility),0.616,0.636,0.666,0.68,0.654,0.6439716663364375,0.6462585034013605,0.6971798428109108,0.7256208308566144,0.6754837857473086,seen,0.678,0.7211379697510072,seen,0.696,0.7245228188362723,seen,0.67,0.728469057525923,unseen_tasks,0.672,0.7211379697510072,0.692,0.7282048741826826
proteins,prot_solubility,esm2_150m,2500,1500,500,500,2,0.4132,binary,SaProtHub (Dataset-Solubility),0.636,0.58,0.644,0.642,0.622,0.630597384584902,0.6163892741562644,0.663232283204544,0.6544234198533782,0.6451852585694471,seen,0.654,0.6731556700350043,seen,0.664,0.6732877617066244,seen,0.656,0.6584769830262202,unseen_tasks,0.664,0.6684499042335381,0.652,0.6758635493032165
proteins,prot_solubility,esm2_650m,2500,1500,500,500,2,0.4132,binary,SaProtHub (Dataset-Solubility),0.598,0.664,0.614,0.64,0.616,0.6241909385113269,0.6725612575127137,0.6520044911168351,0.6679545604649627,0.6567597912951588,seen,0.676,0.6869427382603527,seen,0.674,0.6911201373753386,seen,0.664,0.6772340003962751,unseen_tasks,0.668,0.6886103956145566,0.678,0.6878178455848359
proteins,prot_solubility,prot_bert,2500,1500,500,500,2,0.4132,binary,SaProtHub (Dataset-Solubility),0.62,0.622,0.622,0.674,0.644,0.6048725315368866,0.647562908658609,0.6523182088369328,0.6900881711908065,0.6421471501221848,seen,0.664,0.6647678488871276,seen,0.658,0.6666666666666667,seen,0.666,0.6632322832045441,unseen_tasks,0.668,0.6606069612310943,0.666,0.6747572815533981
proteins,prot_sorting_signal,ankh_base,1592,954,319,319,9,0.022,multiclass,HuggingFace (AI4Protein/SortingSignal),0.7460815047021944,0.7711598746081505,0.780564263322884,0.7648902821316614,0.7021943573667712,0.9064393749813282,0.9371979041051927,0.9422348959000791,0.9597062395850539,0.9162576278380963,seen,0.7899686520376176,0.968188075949094,seen,0.780564263322884,0.9675883688802203,seen,0.786833855799373,0.9667509165728236,seen,0.7774294670846394,0.9648343512065019,0.7836990595611285,0.9628883490053539
proteins,prot_sorting_signal,esm2_150m,1592,954,319,319,9,0.022,multiclass,HuggingFace (AI4Protein/SortingSignal),0.7335423197492164,0.786833855799373,0.8119122257053292,0.7962382445141066,0.7711598746081505,0.9134251278962225,0.945441014964622,0.9504647581274158,0.9658931387171921,0.9239809677185915,seen,0.8213166144200627,0.972069720201815,seen,0.8056426332288401,0.9706128571553472,seen,0.8087774294670846,0.9719125353410087,seen,0.786833855799373,0.9693461958585574,0.7931034482758621,0.9669831854060654
proteins,prot_sorting_signal,esm2_650m,1592,954,319,319,9,0.022,multiclass,HuggingFace (AI4Protein/SortingSignal),0.7241379310344828,0.8025078369905956,0.8056426332288401,0.780564263322884,0.7617554858934169,0.8906532025042547,0.9476052498480991,0.9587103385234373,0.94886969182707,0.9113259355705673,seen,0.8087774294670846,0.9687377974208187,seen,0.8213166144200627,0.9658030490792677,seen,0.7962382445141066,0.9658840599998995,seen,0.8150470219435737,0.9633373399613077,0.8025078369905956,0.9616598961180787
proteins,prot_sorting_signal,prot_bert,1592,954,319,319,9,0.022,multiclass,HuggingFace (AI4Protein/SortingSignal),0.6802507836990596,0.8056426332288401,0.7836990595611285,0.7586206896551724,0.7241379310344828,0.8720318261747335,0.946408801060653,0.9508491601568474,0.9501239885798977,0.9191633575694867,seen,0.8025078369905956,0.9702231103187768,seen,0.786833855799373,0.9684934527611591,seen,0.799373040752351,0.9646481666062358,seen,0.780564263322884,0.9598118341888127,0.7931034482758621,0.9611231986847506
proteins,prot_temperature_stability,ankh_base,8000,4800,1600,1600,2,0.4954,binary,HuggingFace (proteinglm/temperature_stability),0.705,0.881875,0.895625,0.890625,0.878125,0.7739484885988599,0.9478713496349636,0.9590490299029902,0.9537570944594458,0.9474963121312132,seen,0.886875,0.9538735123512352,unseen_tasks,0.88,0.9497621637163717,unseen_tasks,0.880625,0.9497309105910591,seen,0.883125,0.9504278552855286,0.89125,0.9537375612561255
proteins,prot_temperature_stability,esm2_150m,8000,4800,1600,1600,2,0.4954,binary,HuggingFace (proteinglm/temperature_stability),0.895,0.920625,0.9225,0.9175,0.913125,0.9550142514251425,0.972294104410441,0.9810887338733874,0.9781462521252126,0.97686799929993,seen,0.92875,0.9836718046804681,unseen_tasks,0.929375,0.9831123737373737,unseen_tasks,0.924375,0.9824107410741074,seen,0.921875,0.9830983098309831,0.933125,0.9843515601560155
proteins,prot_temperature_stability,esm2_650m,8000,4800,1600,1600,2,0.4954,binary,HuggingFace (proteinglm/temperature_stability),0.91625,0.935625,0.9425,0.938125,0.933125,0.9647019389438944,0.9826654540454046,0.9878862886288629,0.9856821619661966,0.983040491549155,seen,0.943125,0.9890426542654265,unseen_tasks,0.940625,0.9886019851985198,unseen_tasks,0.938125,0.9882441369136914,seen,0.93875,0.9882597634763476,0.940625,0.9892067331733174
proteins,prot_temperature_stability,prot_bert,8000,4800,1600,1600,2,0.4954,binary,HuggingFace (proteinglm/temperature_stability),0.8825,0.913125,0.925625,0.914375,0.92,0.9399861861186118,0.9732707645764577,0.9797526627662766,0.9739591146614661,0.9759804105410541,seen,0.918125,0.9787369361936193,unseen_tasks,0.916875,0.9776446394639463,unseen_tasks,0.915,0.9769023777377738,seen,0.91625,0.9771008350835084,0.921875,0.9791447894789479
proteins,prot_toxin_peptide,ankh_base,8386,5031,1677,1678,2,0.4987,binary,HuggingFace (tanthinhdt/toxinpred3),0.8289630512514898,0.801549463647199,0.8438617401668653,0.8557806912991657,0.8450536352800954,0.9095774075636758,0.8772838274967076,0.9228126327393712,0.9277400602627868,0.920928177611849,seen,0.8557806912991657,0.9353631180948891,seen,0.8671036948748511,0.9394417239532501,seen,0.8575685339690108,0.9331043290615229,seen,0.8617401668653158,0.9363305616997458,0.8551847437425506,0.9338771474477814
proteins,prot_toxin_peptide,esm2_150m,8386,5031,1677,1678,2,0.4987,binary,HuggingFace (tanthinhdt/toxinpred3),0.8504171632896305,0.8134684147794994,0.8474374255065554,0.8563766388557806,0.8468414779499404,0.9155596469470123,0.8964650661938837,0.9222777685437347,0.9288453042048992,0.9254940568277226,seen,0.8623361144219309,0.9372852197063005,seen,0.8617401668653158,0.9389274587771,seen,0.8629320619785459,0.9319436808601014,seen,0.8629320619785459,0.9361544045675838,0.8545887961859356,0.9334026596885714
proteins,prot_toxin_peptide,esm2_650m,8386,5031,1677,1678,2,0.4987,binary,HuggingFace (tanthinhdt/toxinpred3),0.8420738974970202,0.8289630512514898,0.8569725864123957,0.8480333730631704,0.8641239570917759,0.9144821051345542,0.9061281372661834,0.9287245513320463,0.9232935132977325,0.9330588691564489,seen,0.8605482717520858,0.9389857042804762,seen,0.865911799761621,0.9379955307230825,seen,0.864719904648391,0.9360521197811673,seen,0.867699642431466,0.9375572688257281,0.8611442193087009,0.9365223456742768
proteins,prot_toxin_peptide,prot_bert,8386,5031,1677,1678,2,0.4987,binary,HuggingFace (tanthinhdt/toxinpred3),0.7806912991656734,0.7777115613825983,0.8128724672228844,0.801549463647199,0.8087008343265792,0.8678722065243488,0.8568851157167676,0.8936039334182866,0.8852357593295801,0.8912684307951079,seen,0.831942789034565,0.9133591034170222,seen,0.8307508939213349,0.9122780100494803,seen,0.8265792610250298,0.9085375122351074,seen,0.8289630512514898,0.9104823437990558,0.8301549463647199,0.909020523726519
text,text_agnews,arctic_embed_m_v2,1500,1054,223,223,4,0.1507,,HuggingFace (ag_news),0.8565022421524664,0.8430493273542601,0.874439461883408,0.8878923766816144,0.8475336322869955,0.9545853715225119,0.955886818185741,0.9720375462857229,0.973441407416267,0.9529732478757844,seen,0.8789237668161435,0.9764212130547003,seen,0.8609865470852018,0.9756371549960443,seen,0.8699551569506726,0.9746979475845667,seen,0.8789237668161435,0.9762323582502936,0.8565022421524664,0.9729702215237132
text,text_agnews,bge_large_en_v1_5,1500,1054,223,223,4,0.1507,,HuggingFace (ag_news),0.874439461883408,0.8699551569506726,0.8968609865470852,0.8923766816143498,0.8565022421524664,0.9525569426413576,0.9534694948563536,0.9698977128664839,0.9715306933261633,0.9601925656664834,seen,0.8968609865470852,0.9740778944140628,seen,0.8878923766816144,0.9738303847075089,seen,0.8968609865470852,0.9751823429975462,seen,0.9013452914798207,0.9733957065534806,0.8923766816143498,0.9739049726508526
text,text_agnews,bge_m3,1500,1054,223,223,4,0.1507,,HuggingFace (ag_news),0.8834080717488789,0.820627802690583,0.8834080717488789,0.874439461883408,0.8654708520179372,0.9472019333868343,0.9526965042281225,0.9612269729818224,0.9686225064294498,0.9613907648210205,unseen_encoders,0.8878923766816144,0.9702719379791329,unseen_encoders,0.8834080717488789,0.9717546966366787,unseen_encoders,0.8878923766816144,0.9737817084936449,unseen_encoders,0.8878923766816144,0.9732067035557723,0.8834080717488789,0.9699114848298874
text,text_agnews,nomic_embed_v1_5,1500,1054,223,223,4,0.1507,,HuggingFace (ag_news),0.8609865470852018,0.8385650224215246,0.8878923766816144,0.874439461883408,0.820627802690583,0.9534282994237873,0.9571248562565626,0.9740948554677293,0.977880305659854,0.9593529459967748,seen,0.9013452914798207,0.9766830596407887,seen,0.8878923766816144,0.9778105710725085,seen,0.8968609865470852,0.9776277423932965,seen,0.8968609865470852,0.9778075191815927,0.8968609865470852,0.9756626743874692
text,text_financial_phrasebank,arctic_embed_m_v2,2264,1358,453,453,3,0.1338,multiclass,HuggingFace (financial_phrasebank/sentences_allagree),0.8167770419426048,0.8984547461368654,0.8962472406181016,0.8852097130242825,0.8520971302428256,0.9096390266298648,0.9646413918101072,0.9723273102768673,0.9613407192182098,0.9433160980613612,seen,0.8896247240618101,0.9666812846219316,seen,0.8874172185430463,0.9683195510168282,unseen_tasks,0.8874172185430463,0.969326935136202,seen,0.8940397350993378,0.9645222868859874,0.8763796909492274,0.963505260138675
text,text_financial_phrasebank,bge_large_en_v1_5,2264,1358,453,453,3,0.1338,multiclass,HuggingFace (financial_phrasebank/sentences_allagree),0.9094922737306843,0.9161147902869757,0.9359823399558499,0.9271523178807947,0.8609271523178808,0.9635550298333726,0.9829534874760082,0.9865914513827295,0.9740227506172233,0.9596175597302864,seen,0.9227373068432672,0.9848894191588803,seen,0.9337748344370861,0.9854054064031995,unseen_tasks,0.9249448123620309,0.9852936722119511,seen,0.9227373068432672,0.9835010523618811,0.9161147902869757,0.9849044586371059
text,text_financial_phrasebank,bge_m3,2264,1358,453,453,3,0.1338,multiclass,HuggingFace (financial_phrasebank/sentences_allagree),0.8631346578366446,0.9161147902869757,0.9139072847682119,0.9183222958057395,0.8785871964679912,0.93865881616126,0.9832355773583852,0.9820497861475767,0.9690540073305011,0.9526342213348084,unseen_encoders,0.9028697571743929,0.978992678661701,unseen_encoders,0.9227373068432672,0.9791517749490067,unseen_both,0.9116997792494481,0.9788437974638287,unseen_encoders,0.9116997792494481,0.9785315400935336,0.9006622516556292,0.9773077678483579
text,text_financial_phrasebank,nomic_embed_v1_5,2264,1358,453,453,3,0.1338,multiclass,HuggingFace (financial_phrasebank/sentences_allagree),0.8830022075055187,0.9359823399558499,0.9293598233995585,0.9028697571743929,0.8719646799116998,0.9446282694839198,0.982236099423201,0.9829133348695418,0.9770033650799297,0.9586409921294002,seen,0.9227373068432672,0.9797505805778924,seen,0.9249448123620309,0.9795449992185269,unseen_tasks,0.9227373068432672,0.9798417619342529,seen,0.9139072847682119,0.977292014642552,0.9183222958057395,0.9781910815620671
text,text_imdb,arctic_embed_m_v2,3000,1800,600,600,2,0.1667,binary,HuggingFace (imdb/),0.9216666666666666,0.9433333333333334,0.95,0.9533333333333334,0.93,0.9539099999999999,0.9797399999999999,0.9872,0.98844,0.9779,seen,0.9533333333333334,0.98862,seen,0.955,0.98748,seen,0.9533333333333334,0.98926,seen,0.9416666666666667,0.98892,0.955,0.98964
text,text_imdb,bge_large_en_v1_5,3000,1800,600,600,2,0.1667,binary,HuggingFace (imdb/),0.945,0.9616666666666667,0.9633333333333334,0.955,0.9483333333333334,0.9719800000000001,0.9879800000000001,0.99008,0.98831,0.98614,seen,0.9633333333333334,0.99128,seen,0.9666666666666667,0.99136,seen,0.9633333333333334,0.9913,seen,0.965,0.9917,0.965,0.99174
text,text_imdb,bge_m3,3000,1800,600,600,2,0.1667,binary,HuggingFace (imdb/),0.8916666666666667,0.9233333333333333,0.9283333333333333,0.9316666666666666,0.9233333333333333,0.9300200000000001,0.9600000000000001,0.96694,0.9746600000000001,0.9603,unseen_encoders,0.9383333333333334,0.9745400000000001,unseen_encoders,0.9366666666666666,0.9739,unseen_encoders,0.9383333333333334,0.9766999999999999,unseen_encoders,0.925,0.9744999999999999,0.9383333333333334,0.97738
text,text_imdb,nomic_embed_v1_5,3000,1800,600,600,2,0.1667,binary,HuggingFace (imdb/),0.93,0.9383333333333334,0.9433333333333334,0.945,0.9166666666666666,0.95008,0.9715199999999999,0.9730800000000001,0.9795100000000001,0.9602,seen,0.9433333333333334,0.98314,seen,0.945,0.98288,seen,0.945,0.9832200000000001,seen,0.9366666666666666,0.98244,0.9433333333333334,0.9840800000000001
text,text_rotten_tomatoes,arctic_embed_m_v2,3000,1800,600,600,2,0.4997,binary,HuggingFace (rotten_tomatoes/),0.8016666666666666,0.7966666666666666,0.8366666666666667,0.8416666666666667,0.8333333333333334,0.8774986388737653,0.8911654573939709,0.9309325659173991,0.9277325303614484,0.9107323414704608,seen,0.85,0.9281880909787886,seen,0.84,0.924910276780853,seen,0.8516666666666667,0.9274658607317859,unseen_tasks,0.855,0.9291103234480383,0.8516666666666667,0.9276436404848942
text,text_rotten_tomatoes,bge_large_en_v1_5,3000,1800,600,600,2,0.4997,binary,HuggingFace (rotten_tomatoes/),0.865,0.8583333333333333,0.8783333333333333,0.8716666666666667,0.865,0.9157601751130569,0.9272880809786774,0.9405215613506818,0.942593806597851,0.9330325892509916,seen,0.8683333333333333,0.9434549272769697,seen,0.8716666666666667,0.9429660329559217,seen,0.8683333333333333,0.940332670363004,unseen_tasks,0.86,0.9413104590051,0.8733333333333333,0.9412771253013922
text,text_rotten_tomatoes,bge_m3,3000,1800,600,600,2,0.4997,binary,HuggingFace (rotten_tomatoes/),0.8183333333333334,0.8083333333333333,0.8466666666666667,0.84,0.8316666666666667,0.8985766508516762,0.883754263936266,0.922788030978122,0.919410215669063,0.9159546217180191,unseen_encoders,0.85,0.9258547317192414,unseen_encoders,0.8533333333333334,0.9245880509783442,unseen_encoders,0.8516666666666667,0.9257325081389793,unseen_both,0.8516666666666667,0.9263769597439973,0.8516666666666667,0.925310281225347
text,text_rotten_tomatoes,nomic_embed_v1_5,3000,1800,600,600,2,0.4997,binary,HuggingFace (rotten_tomatoes/),0.8083333333333333,0.8116666666666666,0.85,0.8416666666666667,0.8333333333333334,0.8704485605395615,0.8860654007266747,0.9120434671496351,0.9080045333837042,0.9015877954199492,seen,0.8466666666666667,0.91441016011289,seen,0.8433333333333334,0.9141434904832277,seen,0.8383333333333334,0.9137212635695953,unseen_tasks,0.84,0.9122434693718818,0.8466666666666667,0.9142101578906432
text,text_sst2,arctic_embed_m_v2,1500,1052,224,224,2,0.45,,HuggingFace (glue),0.8258928571428571,0.84375,0.8794642857142857,0.8928571428571429,0.8616071428571429,0.9165257989213556,0.9158818320856477,0.9586251308057635,0.9471142236174838,0.9378572003541819,seen,0.875,0.9651452950173067,seen,0.8705357142857143,0.966030749416405,seen,0.8839285714285714,0.9640183530548176,seen,0.9017857142857143,0.967318683087821,0.9107142857142857,0.966352732834259
text,text_sst2,bge_large_en_v1_5,1500,1052,224,224,2,0.45,,HuggingFace (glue),0.9419642857142857,0.9285714285714286,0.9330357142857143,0.9330357142857143,0.9151785714285714,0.9745230620623039,0.9813249617644692,0.9814859534733962,0.9772196731868309,0.9697335587217258,seen,0.9508928571428571,0.9849472752153265,seen,0.9419642857142857,0.9845447959430089,seen,0.9375,0.983578845689447,seen,0.9375,0.9859937213233518,0.9464285714285714,0.9847862835063994
text,text_sst2,bge_m3,1500,1052,224,224,2,0.45,,HuggingFace (glue),0.8794642857142857,0.8794642857142857,0.9151785714285714,0.9017857142857143,0.9107142857142857,0.9469934798357884,0.9536343878290269,0.9690090960315544,0.966191741125332,0.966352732834259,unseen_encoders,0.9241071428571429,0.9789100861305643,unseen_encoders,0.9196428571428571,0.976253722933269,unseen_encoders,0.9196428571428571,0.9773806648957578,unseen_encoders,0.9107142857142857,0.9747243016984625,0.9151785714285714,0.9781856234403927
text,text_sst2,nomic_embed_v1_5,1500,1052,224,224,2,0.45,,HuggingFace (glue),0.8616071428571429,0.8660714285714286,0.8928571428571429,0.8883928571428571,0.8660714285714286,0.9234484424052161,0.943089430894309,0.9625694276744747,0.9590678580053127,0.9445383562746519,seen,0.9241071428571429,0.966996699669967,seen,0.9196428571428571,0.9694920711583354,seen,0.9151785714285714,0.9669162038155035,seen,0.9196428571428571,0.966996699669967,0.9107142857142857,0.9682041374869195
text,text_tweet_emotion,arctic_embed_m_v2,1500,1054,223,223,4,0.0967,,HuggingFace (tweet_eval),0.672645739910314,0.6457399103139013,0.7040358744394619,0.7533632286995515,0.6681614349775785,0.7869389429095814,0.8230289399044118,0.8721802782164009,0.896166524487862,0.849992591524235,unseen_tasks,0.7443946188340808,0.8854966705106609,seen,0.726457399103139,0.8903077934857702,seen,0.7309417040358744,0.8946309073797433,seen,0.7130044843049327,0.8984946823252349,0.726457399103139,0.8983985972849535
text,text_tweet_emotion,bge_large_en_v1_5,1500,1054,223,223,4,0.0967,,HuggingFace (tweet_eval),0.7130044843049327,0.695067264573991,0.7533632286995515,0.757847533632287,0.7533632286995515,0.8446799569476988,0.871977800967088,0.9163618737209324,0.9160950016039352,0.9136939062051531,unseen_tasks,0.7847533632286996,0.9223405846929444,seen,0.7892376681614349,0.9269370561417365,seen,0.7623318385650224,0.9293020572799662,seen,0.7713004484304933,0.9274599469390264,0.7802690582959642,0.9252744948536209
text,text_tweet_emotion,bge_m3,1500,1054,223,223,4,0.0967,,HuggingFace (tweet_eval),0.6502242152466368,0.672645739910314,0.7219730941704036,0.7354260089686099,0.7399103139013453,0.8096830666711364,0.869680842195478,0.896524420385115,0.8844034635579751,0.8789786755233916,unseen_both,0.7354260089686099,0.8956255446334267,unseen_encoders,0.7443946188340808,0.8966095427796397,unseen_encoders,0.7443946188340808,0.8989570151593007,unseen_encoders,0.726457399103139,0.901399401068278,0.7443946188340808,0.9008876604320988
text,text_tweet_emotion,nomic_embed_v1_5,1500,1054,223,223,4,0.0967,,HuggingFace (tweet_eval),0.695067264573991,0.6905829596412556,0.7892376681614349,0.7847533632286996,0.7309417040358744,0.8337012253519286,0.8419946119007543,0.9044371540493563,0.9052150978864291,0.9002841111205575,unseen_tasks,0.7847533632286996,0.9139719543103533,seen,0.7668161434977578,0.912808695420265,seen,0.7668161434977578,0.9167525298963469,seen,0.7668161434977578,0.910997587437293,0.7713004484304933,0.9163630774186545
text,text_tweet_hate,arctic_embed_m_v2,3000,1800,600,600,2,0.42,binary,HuggingFace (tweet_eval/hate),0.71,0.675,0.735,0.7266666666666667,0.7283333333333334,0.7838612935595693,0.7207854406130269,0.8154761904761905,0.808668582375479,0.7964217296113847,unseen_tasks,0.75,0.8190909505564679,seen,0.7533333333333333,0.8151683087027913,seen,0.74,0.8135718846925742,seen,0.74,0.8174147053457397,0.735,0.8129333150884874
text,text_tweet_hate,bge_large_en_v1_5,3000,1800,600,600,2,0.42,binary,HuggingFace (tweet_eval/hate),0.73,0.6916666666666667,0.7583333333333333,0.75,0.7316666666666667,0.7896939427111842,0.767138752052545,0.8312921912059842,0.8107268290457945,0.8081782521437695,unseen_tasks,0.75,0.8322386425834701,seen,0.7466666666666667,0.8263432767743113,seen,0.7533333333333333,0.822785531837256,seen,0.7433333333333333,0.8212005108556832,0.7483333333333333,0.8228197409231891
text,text_tweet_hate,bge_m3,3000,1800,600,600,2,0.42,binary,HuggingFace (tweet_eval/hate),0.7266666666666667,0.6916666666666667,0.75,0.7333333333333333,0.7283333333333334,0.7912276500638569,0.74826673964605,0.8207443897099069,0.8112513683634374,0.7984286626528005,unseen_both,0.74,0.8162401933953659,unseen_encoders,0.7266666666666667,0.8095010034665208,unseen_encoders,0.7283333333333334,0.8065818281335524,unseen_encoders,0.735,0.8070379492793286,0.7266666666666667,0.8075282795110381
text,text_tweet_hate,nomic_embed_v1_5,3000,1800,600,600,2,0.42,binary,HuggingFace (tweet_eval/hate),0.735,0.7,0.7483333333333333,0.74,0.7533333333333333,0.8037367724867726,0.7562146506112024,0.8220443349753694,0.8120552818828681,0.8077221309979932,unseen_tasks,0.7383333333333333,0.8213487502280605,seen,0.74,0.8150770844736362,seen,0.75,0.8160121328224778,seen,0.745,0.8153051450465244,0.7483333333333333,0.8167875387702974
text,text_tweet_irony,arctic_embed_m_v2,1500,1052,224,224,2,0.4967,,HuggingFace (tweet_eval),0.5892857142857143,0.5848214285714286,0.6383928571428571,0.6160714285714286,0.6071428571428571,0.6075898907757314,0.6122937096388424,0.6991947699912302,0.6513991867974169,0.6540699992027424,seen,0.6160714285714286,0.6892290520609105,unseen_tasks,0.625,0.6912221956469744,seen,0.6116071428571429,0.6778282707486247,seen,0.6160714285714286,0.6800605915650164,0.6116071428571429,0.6693773419437136
text,text_tweet_irony,bge_large_en_v1_5,1500,1052,224,224,2,0.4967,,HuggingFace (tweet_eval),0.6116071428571429,0.5803571428571429,0.6205357142857143,0.6160714285714286,0.6116071428571429,0.6703739137367455,0.6403571713306226,0.6630790082117516,0.6774695049031333,0.6904249382125488,seen,0.6160714285714286,0.7151399186797417,unseen_tasks,0.6383928571428571,0.7148210157059715,seen,0.6116071428571429,0.7078051502830265,seen,0.59375,0.7161763533444949,0.625,0.7214382524117036
text,text_tweet_irony,bge_m3,1500,1052,224,224,2,0.4967,,HuggingFace (tweet_eval),0.59375,0.6339285714285714,0.6428571428571429,0.6160714285714286,0.6383928571428571,0.6429083951207845,0.6535916447420873,0.7176114167264609,0.7165351191899865,0.6981583353264769,unseen_encoders,0.6428571428571429,0.7252650880969466,unseen_both,0.625,0.7256637168141594,unseen_encoders,0.625,0.719604560312525,unseen_encoders,0.6473214285714286,0.7271785059395679,0.6339285714285714,0.7235908474846527
text,text_tweet_irony,nomic_embed_v1_5,1500,1052,224,224,2,0.4967,,HuggingFace (tweet_eval),0.59375,0.6383928571428571,0.6160714285714286,0.5982142857142857,0.6294642857142857,0.6314278880650562,0.6968029976879534,0.6756756756756757,0.6514390496691382,0.6593318982699514,seen,0.6160714285714286,0.6873156342182891,unseen_tasks,0.6383928571428571,0.6853224906322252,seen,0.6026785714285714,0.6932153392330384,seen,0.5848214285714286,0.6964840947141833,0.6071428571428571,0.6886709718568126
text,text_tweet_offensive,arctic_embed_m_v2,3000,1800,600,600,2,0.344,binary,HuggingFace (tweet_eval/offensive),0.6516666666666666,0.6833333333333333,0.7416666666666667,0.7266666666666667,0.7233333333333334,0.6391010792962397,0.6975506382139866,0.7564683849982752,0.7529261741658864,0.7162288699423389,seen,0.7316666666666667,0.764673993396087,seen,0.7333333333333333,0.7578729485979004,seen,0.73,0.7612118673303434,seen,0.7283333333333334,0.7611502636636932,0.7416666666666667,0.7555196885318616
text,text_tweet_offensive,bge_large_en_v1_5,3000,1800,600,600,2,0.344,binary,HuggingFace (tweet_eval/offensive),0.6816666666666666,0.6766666666666666,0.7416666666666667,0.7266666666666667,0.705,0.7223769158740327,0.7140604208762505,0.7814301907249519,0.7770624907594498,0.763158543196491,seen,0.7316666666666667,0.779360307525504,seen,0.7333333333333333,0.7825390567246563,seen,0.715,0.7712902271943226,seen,0.72,0.7734709969937412,0.7283333333333334,0.776501897392933
text,text_tweet_offensive,bge_m3,3000,1800,600,600,2,0.344,binary,HuggingFace (tweet_eval/offensive),0.665,0.69,0.7283333333333334,0.7416666666666667,0.7183333333333334,0.7082819969444581,0.7408087329357844,0.7800502685919868,0.794354639988172,0.7625917894633087,unseen_encoders,0.745,0.7992459711202011,unseen_encoders,0.7483333333333333,0.7995663101867823,unseen_encoders,0.7383333333333333,0.7955127889211966,unseen_encoders,0.7483333333333333,0.7963629195209698,0.7483333333333333,0.7993938199201617
text,text_tweet_offensive,nomic_embed_v1_5,3000,1800,600,600,2,0.344,binary,HuggingFace (tweet_eval/offensive),0.6783333333333333,0.6833333333333333,0.755,0.7333333333333333,0.7183333333333334,0.6669828988221379,0.728611206939037,0.8004534029865458,0.789161450889557,0.7696762111280864,seen,0.7433333333333333,0.8022152678527426,seen,0.7416666666666667,0.7971021635207728,seen,0.7266666666666667,0.7963382780543098,seen,0.7233333333333334,0.7902271943226062,0.7433333333333333,0.7978167660539156
text,text_tweet_sentiment,arctic_embed_m_v2,1500,1052,224,224,3,0.1573,,HuggingFace (tweet_eval),0.5044642857142857,0.5446428571428571,0.5982142857142857,0.59375,0.5714285714285714,0.6345023204937944,0.7241032652842055,0.7491740836992308,0.7674516197750764,0.7291046015280985,seen,0.6026785714285714,0.7693829254011083,unseen_tasks,0.5892857142857143,0.7572540957370691,seen,0.59375,0.762301873362342,unseen_tasks,0.5669642857142857,0.7566198563513843,0.5803571428571429,0.7588513441567947
text,text_tweet_sentiment,bge_large_en_v1_5,1500,1052,224,224,3,0.1573,,HuggingFace (tweet_eval),0.5178571428571429,0.5669642857142857,0.6205357142857143,0.5982142857142857,0.5892857142857143,0.6633405294849875,0.7482233666022219,0.8080987073524052,0.7976251652782788,0.7682183350834864,seen,0.6517857142857143,0.8203562981446186,unseen_tasks,0.6205357142857143,0.8180557066906071,seen,0.6160714285714286,0.8101042968836683,unseen_tasks,0.6428571428571429,0.813112170243636,0.6205357142857143,0.8099132404898383
text,text_tweet_sentiment,bge_m3,1500,1052,224,224,3,0.1573,,HuggingFace (tweet_eval),0.5178571428571429,0.6116071428571429,0.6383928571428571,0.6383928571428571,0.5982142857142857,0.6799924857113452,0.7829599279336934,0.809316645375345,0.8066821931677642,0.7715528544388639,unseen_encoders,0.65625,0.8237694059004402,unseen_both,0.6428571428571429,0.8197971390910946,unseen_encoders,0.6428571428571429,0.8182786290653615,unseen_both,0.6383928571428571,0.81551717706937,0.6473214285714286,0.8091857984921379
text,text_tweet_sentiment,nomic_embed_v1_5,1500,1052,224,224,3,0.1573,,HuggingFace (tweet_eval),0.5,0.5803571428571429,0.5982142857142857,0.65625,0.5892857142857143,0.6667554662717249,0.7474125256804022,0.777777248120195,0.789705805348464,0.7608354483108535,seen,0.6160714285714286,0.7999576497668457,unseen_tasks,0.6116071428571429,0.7932022949058538,seen,0.6026785714285714,0.7898057373513888,unseen_tasks,0.6205357142857143,0.7938405117460244,0.6160714285714286,0.7961559160332007
text,text_yelp_polarity,arctic_embed_m_v2,1500,1052,224,224,2,0.4727,,HuggingFace (yelp_polarity),0.875,0.9285714285714286,0.9464285714285714,0.9508928571428571,0.9285714285714286,0.9242884553885513,0.9815318196354332,0.9864886472657499,0.9869283658458586,0.9763351455068756,seen,0.9508928571428571,0.9905660377358491,seen,0.9419642857142857,0.9881675727534378,unseen_tasks,0.9375,0.9888871122481612,seen,0.9375,0.988567316917173,0.9464285714285714,0.9895267029101376
text,text_yelp_polarity,bge_large_en_v1_5,1500,1052,224,224,2,0.4727,,HuggingFace (yelp_polarity),0.8883928571428571,0.9241071428571429,0.9419642857142857,0.9419642857142857,0.9151785714285714,0.9504716981132075,0.9778541733290694,0.9928845538855133,0.9897665494083786,0.9874480332587143,seen,0.9464285714285714,0.9925647585545252,seen,0.9419642857142857,0.9932043492165015,unseen_tasks,0.9375,0.9919251678925488,seen,0.9285714285714286,0.992404860889031,0.9375,0.9928845538855132
text,text_yelp_polarity,bge_m3,1500,1052,224,224,2,0.4727,,HuggingFace (yelp_polarity),0.8973214285714286,0.9375,0.9419642857142857,0.9464285714285714,0.9330357142857143,0.9639031020147106,0.9810521266389511,0.9914454748960666,0.9866085705148704,0.9874480332587144,unseen_encoders,0.9642857142857143,0.9910457307323313,unseen_encoders,0.9553571428571429,0.9899264470738727,unseen_both,0.9642857142857143,0.9908858330668373,unseen_encoders,0.9553571428571429,0.9902462424048608,0.9553571428571429,0.9910457307323313
text,text_yelp_polarity,nomic_embed_v1_5,1500,1052,224,224,2,0.4727,,HuggingFace (yelp_polarity),0.9285714285714286,0.9464285714285714,0.9598214285714286,0.9732142857142857,0.9642857142857143,0.9783338663255516,0.9872081867604733,0.9963223536936361,0.9980412535976975,0.9948033258714423,seen,0.9732142857142857,0.9972017908538535,seen,0.96875,0.9978413815158299,unseen_tasks,0.9732142857142857,0.9977614326830828,seen,0.96875,0.997921330348577,0.9732142857142857,0.9984809721778063
timeseries,ts_chinatown,chronos_t5_small,363,217,73,73,2,0.2865,binary,UCR Archive (Chinatown) via AEON,0.9041095890410958,0.9178082191780822,0.9315068493150684,0.9041095890410958,0.7945205479452054,0.913003663003663,0.967948717948718,0.9615384615384616,0.9583333333333333,0.8827838827838828,seen,0.8767123287671232,0.9597069597069597,seen,0.8904109589041096,0.9569597069597069,seen,0.8904109589041096,0.967032967032967,seen,0.9041095890410958,0.9496336996336996,0.9041095890410958,0.9633699633699634
timeseries,ts_chinatown,minirocket,363,217,73,73,2,0.2865,binary,UCR Archive (Chinatown) via AEON,0.9315068493150684,0.958904109589041,0.9452054794520548,0.958904109589041,0.958904109589041,0.9633699633699634,0.9963369963369964,0.9981684981684982,0.9926739926739927,0.9890109890109889,seen,0.958904109589041,0.9945054945054944,seen,0.958904109589041,0.9954212454212454,seen,0.958904109589041,0.9935897435897435,seen,0.958904109589041,0.9917582417582418,0.958904109589041,0.9926739926739927
timeseries,ts_chinatown,resnet1d,363,217,73,73,2,0.2865,binary,UCR Archive (Chinatown) via AEON,0.9452054794520548,0.9726027397260274,0.958904109589041,0.9726027397260274,0.9315068493150684,0.9780219780219781,0.9981684981684982,0.999084249084249,0.999084249084249,0.9235347985347985,unseen_encoders,1.0,1.0,unseen_encoders,0.9726027397260274,0.9954212454212454,unseen_encoders,0.9726027397260274,0.9981684981684982,unseen_encoders,0.958904109589041,0.9954212454212454,0.958904109589041,0.9954212454212454
timeseries,ts_chinatown,rocket,363,217,73,73,2,0.2865,binary,UCR Archive (Chinatown) via AEON,0.958904109589041,0.958904109589041,0.958904109589041,0.958904109589041,0.9726027397260274,0.9844322344322344,1.0,0.9963369963369964,0.9963369963369964,0.9665750915750916,seen,0.9863013698630136,0.9981684981684982,seen,0.958904109589041,0.9981684981684981,seen,0.958904109589041,0.9981684981684981,seen,0.958904109589041,0.9981684981684981,0.958904109589041,0.9972527472527472
timeseries,ts_ecg200,chronos_t5_small,100,72,14,14,2,0.31,,UCR Archive (ECG200),0.5,0.5714285714285714,0.5,0.5714285714285714,0.6428571428571429,0.7124999999999999,0.575,0.575,0.675,0.5,seen,0.5714285714285714,0.65,seen,0.5,0.675,seen,0.5,0.65,seen,0.5,0.65,0.5714285714285714,0.65
timeseries,ts_ecg200,minirocket,100,72,14,14,2,0.31,,UCR Archive (ECG200),0.5,0.5714285714285714,0.6428571428571429,0.5714285714285714,0.5714285714285714,0.6,0.725,0.725,0.675,0.625,seen,0.5714285714285714,0.7,seen,0.5714285714285714,0.725,seen,0.5714285714285714,0.7,seen,0.5,0.725,0.5,0.725
timeseries,ts_ecg200,resnet1d,100,72,14,14,2,0.31,,UCR Archive (ECG200),0.5,0.5714285714285714,0.5714285714285714,0.7857142857142857,0.5714285714285714,0.65,0.6749999999999999,0.65,0.9,0.6,unseen_encoders,0.7857142857142857,0.7375,unseen_encoders,0.6428571428571429,0.7875,unseen_encoders,0.6428571428571429,0.7250000000000001,unseen_encoders,0.5,0.65,0.6428571428571429,0.7125
timeseries,ts_ecg200,rocket,100,72,14,14,2,0.31,,UCR Archive (ECG200),0.6428571428571429,0.6428571428571429,0.6428571428571429,0.6428571428571429,0.5,0.7124999999999999,0.75,0.775,0.725,0.65,seen,0.7857142857142857,0.775,seen,0.7142857142857143,0.8,seen,0.7142857142857143,0.8,seen,0.5714285714285714,0.775,0.6428571428571429,0.8
timeseries,ts_electric_devices,chronos_t5_small,8926,6254,1336,1336,7,0.057,,UCR Archive (ElectricDevices),0.7035928143712575,0.8585329341317365,0.8660179640718563,0.8525449101796407,0.8053892215568862,0.8767419635332935,0.9767278944538619,0.9781680738276937,0.97759759393091,0.9623717709084298,seen,0.8630239520958084,0.9811066144860103,unseen_tasks,0.8637724550898204,0.9796336206627804,seen,0.8630239520958084,0.9795382727603419,seen,0.8607784431137725,0.9786820237826989,0.8697604790419161,0.9802876975971435
timeseries,ts_electric_devices,minirocket,8926,6254,1336,1336,7,0.057,,UCR Archive (ElectricDevices),0.8368263473053892,0.8712574850299402,0.8952095808383234,0.9034431137724551,0.9124251497005988,0.941039103435447,0.9836152613380401,0.9884695044885617,0.9919976340448684,0.9911894480087302,seen,0.9004491017964071,0.9890111046805808,unseen_tasks,0.8944610778443114,0.9887772097196027,seen,0.9011976047904192,0.9893544549892221,seen,0.9004491017964071,0.9886906820623291,0.8989520958083832,0.9894765271254542
timeseries,ts_electric_devices,resnet1d,8926,6254,1336,1336,7,0.057,,UCR Archive (ElectricDevices),0.750748502994012,0.7836826347305389,0.811377245508982,0.8255988023952096,0.7986526946107785,0.9035780489348382,0.9505437462376873,0.9631034198509622,0.9724175537568875,0.9642124993169106,unseen_encoders,0.8248502994011976,0.9707378918093611,unseen_both,0.8158682634730539,0.9682626262142863,unseen_encoders,0.8308383233532934,0.9714333823903821,unseen_encoders,0.8241017964071856,0.9691700559707812,0.8203592814371258,0.9683400645516189
timeseries,ts_electric_devices,rocket,8926,6254,1336,1336,7,0.057,,UCR Archive (ElectricDevices),0.8480538922155688,0.8899700598802395,0.9094311377245509,0.9206586826347305,0.906437125748503,0.9557287384680965,0.9850609574803019,0.9906353077156265,0.991973980366542,0.9913102641305934,seen,0.843562874251497,0.9797556472014752,unseen_tasks,0.8368263473053892,0.9790496664463381,seen,0.8405688622754491,0.979128628293955,seen,0.8375748502994012,0.9787224766158457,0.8413173652694611,0.9779402490637776
timeseries,ts_ford_a,chronos_t5_small,3601,2523,539,539,2,0.4874,,UCR Archive (FordA),0.7922077922077922,0.8886827458256029,0.8868274582560297,0.8534322820037106,0.862708719851577,0.8715214636027994,0.9624731360555464,0.9671157767124043,0.9471606877169779,0.9484901085578885,seen,0.8571428571428571,0.9587259602138094,seen,0.8812615955473099,0.9588637240315204,seen,0.8738404452690167,0.9563564225491816,seen,0.8794063079777366,0.9595249903565327,0.8738404452690167,0.9598693999008101
timeseries,ts_ford_a,minirocket,3601,2523,539,539,2,0.4874,,UCR Archive (FordA),0.8719851576994434,0.9239332096474954,0.9276437847866419,0.9461966604823747,0.9387755102040817,0.9401898385408056,0.97804044745688,0.9815947539538216,0.9904874083870612,0.9874359398247644,seen,0.9146567717996289,0.9754367113021436,seen,0.8998144712430427,0.9681765581087783,seen,0.9016697588126159,0.9722543671130215,seen,0.8998144712430427,0.9711935857166474,0.9016697588126159,0.9706425304458037
timeseries,ts_ford_a,resnet1d,3601,2523,539,539,2,0.4874,,UCR Archive (FordA),0.7662337662337663,0.8998144712430427,0.9072356215213359,0.8886827458256029,0.8775510204081632,0.8805725464264065,0.973990191216179,0.9768005730974816,0.9682385518267482,0.9494957844271781,unseen_encoders,0.8942486085343229,0.963768115942029,unseen_encoders,0.8923933209647495,0.966557833250675,unseen_encoders,0.8775510204081632,0.9650355430649694,unseen_encoders,0.9035250463821892,0.9672948696754284,0.87569573283859,0.9622733785198656
timeseries,ts_ford_a,rocket,3601,2523,539,539,2,0.4874,,UCR Archive (FordA),0.8515769944341373,0.922077922077922,0.9313543599257885,0.9276437847866419,0.9313543599257885,0.9274397972116603,0.9807268419022428,0.984074502672618,0.9847082162340882,0.9854796936132694,seen,0.922077922077922,0.9797900479418086,seen,0.9276437847866419,0.9802584449220256,seen,0.9239332096474954,0.9785777263459526,seen,0.9146567717996289,0.9785915027277237,0.9183673469387755,0.9789772414173141
timeseries,ts_ford_b,chronos_t5_small,4446,2667,889,890,2,0.4915,binary,UCR Archive (FordB) via AEON,0.744943820224719,0.848314606741573,0.8258426966292135,0.8213483146067416,0.8078651685393259,0.8337753395870905,0.9202974323225281,0.9230403968458434,0.9187163128090887,0.9026727486727184,seen,0.852808988764045,0.9318704189208985,unseen_tasks,0.8415730337078652,0.9279706608877506,seen,0.8404494382022472,0.9285061198923019,unseen_tasks,0.8471910112359551,0.926485519875127,0.8393258426966292,0.9273947898828557
timeseries,ts_ford_b,minirocket,4446,2667,889,890,2,0.4915,binary,UCR Archive (FordB) via AEON,0.8438202247191011,0.903370786516854,0.9123595505617977,0.9213483146067416,0.9134831460674158,0.9285818923929461,0.9648365082011103,0.9714034582569294,0.9750430640378661,0.9715499517581746,seen,0.8853932584269663,0.9559559711256258,unseen_tasks,0.8775280898876404,0.9465298720455039,seen,0.8797752808988764,0.9507933380817434,unseen_tasks,0.8831460674157303,0.9460903915417684,0.8842696629213483,0.9521774490935084
timeseries,ts_ford_b,resnet1d,4446,2667,889,890,2,0.4915,binary,UCR Archive (FordB) via AEON,0.7764044943820225,0.8617977528089887,0.8786516853932584,0.8640449438202247,0.848314606741573,0.8646955713499124,0.9434333025191831,0.9558145291244234,0.951760700339966,0.9312894964159607,unseen_encoders,0.8640449438202247,0.9459388465404801,unseen_both,0.8696629213483146,0.9498209243234778,unseen_encoders,0.8584269662921349,0.9466334277963842,unseen_both,0.8505617977528089,0.9365657882108092,0.8539325842696629,0.9419203782563232
timeseries,ts_ford_b,rocket,4446,2667,889,890,2,0.4915,binary,UCR Archive (FordB) via AEON,0.8438202247191011,0.8932584269662921,0.9101123595505618,0.8898876404494382,0.8921348314606742,0.915609640282682,0.9661145377119736,0.9710599562540096,0.964609190699178,0.9636494056910201,seen,0.898876404494382,0.96543763670622,unseen_tasks,0.8921348314606742,0.9632856976879285,seen,0.8910112359550562,0.9627199296831194,unseen_tasks,0.8932584269662921,0.9613307671713116,0.8932584269662921,0.9617904536752188
timeseries,ts_gunpoint,chronos_t5_small,50,38,6,6,2,0.48,,UCR Archive (GunPoint),0.5,0.8333333333333334,0.8333333333333334,0.8333333333333334,0.8333333333333334,0.6111111111111112,0.888888888888889,0.888888888888889,0.888888888888889,1.0,unseen_tasks,0.8333333333333334,1.0,seen,0.8333333333333334,1.0,seen,0.8333333333333334,1.0,seen,0.8333333333333334,1.0,0.8333333333333334,0.888888888888889
timeseries,ts_gunpoint,minirocket,50,38,6,6,2,0.48,,UCR Archive (GunPoint),1.0,1.0,1.0,1.0,1.0,1.0,1.0,1.0,1.0,1.0,unseen_tasks,1.0,1.0,seen,1.0,1.0,seen,1.0,1.0,seen,1.0,1.0,1.0,1.0
timeseries,ts_gunpoint,resnet1d,50,38,6,6,2,0.48,,UCR Archive (GunPoint),0.8333333333333334,0.8333333333333334,1.0,1.0,0.8333333333333334,1.0,1.0,1.0,1.0,1.0,unseen_both,1.0,1.0,unseen_encoders,1.0,1.0,unseen_encoders,1.0,1.0,unseen_encoders,1.0,1.0,1.0,1.0
timeseries,ts_gunpoint,rocket,50,38,6,6,2,0.48,,UCR Archive (GunPoint),1.0,1.0,1.0,1.0,0.8333333333333334,1.0,1.0,1.0,1.0,0.9444444444444444,unseen_tasks,1.0,1.0,seen,1.0,1.0,seen,1.0,1.0,seen,1.0,1.0,1.0,1.0
timeseries,ts_italy_power,chronos_t5_small,67,49,9,9,2,0.4925,,UCR Archive (ItalyPowerDemand),1.0,0.8888888888888888,0.8888888888888888,0.8888888888888888,0.8888888888888888,1.0,1.0,1.0,1.0,1.0,seen,0.8888888888888888,1.0,seen,0.8888888888888888,1.0,seen,0.8888888888888888,1.0,seen,0.8888888888888888,1.0,0.8888888888888888,1.0
timeseries,ts_italy_power,minirocket,67,49,9,9,2,0.4925,,UCR Archive (ItalyPowerDemand),0.8888888888888888,1.0,1.0,1.0,1.0,1.0,1.0,1.0,1.0,1.0,seen,0.8888888888888888,1.0,seen,1.0,1.0,seen,1.0,1.0,seen,1.0,1.0,1.0,1.0
timeseries,ts_italy_power,resnet1d,67,49,9,9,2,0.4925,,UCR Archive (ItalyPowerDemand),1.0,1.0,1.0,1.0,1.0,1.0,1.0,1.0,1.0,1.0,unseen_encoders,1.0,1.0,unseen_encoders,1.0,1.0,unseen_encoders,1.0,1.0,unseen_encoders,1.0,1.0,1.0,1.0
timeseries,ts_italy_power,rocket,67,49,9,9,2,0.4925,,UCR Archive (ItalyPowerDemand),0.8888888888888888,1.0,1.0,1.0,1.0,1.0,1.0,1.0,1.0,1.0,seen,1.0,1.0,seen,1.0,1.0,seen,1.0,1.0,seen,1.0,1.0,1.0,1.0
timeseries,ts_plane,chronos_t5_small,210,126,42,42,7,0.1429,multiclass,UCR Archive (Plane) via AEON,0.9761904761904762,0.9761904761904762,0.9761904761904762,0.9761904761904762,0.6904761904761905,1.0,1.0,1.0,1.0,0.9315476190476192,seen,0.9761904761904762,1.0,seen,0.9761904761904762,1.0,seen,0.9761904761904762,1.0,seen,0.9761904761904762,1.0,0.9761904761904762,1.0
timeseries,ts_plane,minirocket,210,126,42,42,7,0.1429,multiclass,UCR Archive (Plane) via AEON,1.0,1.0,1.0,1.0,0.9285714285714286,1.0,1.0,1.0,1.0,0.9814814814814815,seen,1.0,1.0,seen,1.0,1.0,seen,1.0,1.0,seen,1.0,1.0,0.9523809523809523,1.0
timeseries,ts_plane,resnet1d,210,126,42,42,7,0.1429,multiclass,UCR Archive (Plane) via AEON,1.0,0.9761904761904762,0.9761904761904762,0.9761904761904762,0.7857142857142857,1.0,1.0,1.0,1.0,0.960978835978836,unseen_encoders,0.9761904761904762,1.0,unseen_encoders,1.0,1.0,unseen_encoders,0.9761904761904762,0.9993386243386243,unseen_encoders,0.9761904761904762,0.9993386243386243,0.9761904761904762,0.9993386243386243
timeseries,ts_plane,rocket,210,126,42,42,7,0.1429,multiclass,UCR Archive (Plane) via AEON,1.0,1.0,1.0,1.0,0.7142857142857143,1.0,1.0,1.0,1.0,0.9781746031746031,seen,1.0,1.0,seen,1.0,1.0,seen,1.0,1.0,seen,1.0,1.0,1.0,1.0
timeseries,ts_sony_aibo,chronos_t5_small,621,372,124,125,2,0.438,binary,UCR Archive (SonyAIBORobotSurface1) via AEON,0.888,0.888,0.92,0.904,0.872,0.945974025974026,0.9787012987012986,0.9776623376623376,0.9796103896103896,0.9374025974025973,unseen_tasks,0.896,0.9838961038961038,seen,0.904,0.98,seen,0.912,0.9771428571428571,seen,0.936,0.9823376623376623,0.904,0.9787012987012987
timeseries,ts_sony_aibo,minirocket,621,372,124,125,2,0.438,binary,UCR Archive (SonyAIBORobotSurface1) via AEON,0.968,0.984,0.976,0.968,0.928,0.9923376623376624,1.0,1.0,0.9981818181818182,0.995064935064935,unseen_tasks,1.0,1.0,seen,1.0,1.0,seen,1.0,1.0,seen,1.0,1.0,1.0,1.0
timeseries,ts_sony_aibo,resnet1d,621,372,124,125,2,0.438,binary,UCR Archive (SonyAIBORobotSurface1) via AEON,0.968,0.976,0.976,0.976,0.944,0.9846753246753246,0.9992207792207792,0.9994805194805194,0.9974025974025974,0.9896103896103896,unseen_both,0.968,1.0,unseen_encoders,0.968,0.9966233766233765,unseen_encoders,0.992,1.0,unseen_encoders,0.984,0.9994805194805195,0.976,0.9984415584415585
timeseries,ts_sony_aibo,rocket,621,372,124,125,2,0.438,binary,UCR Archive (SonyAIBORobotSurface1) via AEON,0.984,0.992,1.0,1.0,0.992,1.0,1.0,1.0,0.9999999999999999,1.0,unseen_tasks,1.0,1.0,seen,1.0,1.0,seen,0.992,1.0,seen,0.992,1.0,0.992,1.0
timeseries,ts_strawberry,chronos_t5_small,983,589,197,197,2,0.3571,binary,UCR Archive (Strawberry) via AEON,0.8934010152284264,0.883248730964467,0.8883248730964467,0.883248730964467,0.8781725888324873,0.9459505061867267,0.9579302587176604,0.950281214848144,0.9501687289088865,0.9377952755905512,seen,0.8984771573604061,0.9674915635545558,seen,0.9035532994923858,0.9655793025871765,seen,0.9035532994923858,0.9656917885264342,seen,0.9086294416243654,0.9661417322834646,0.8934010152284264,0.963779527559055
timeseries,ts_strawberry,minirocket,983,589,197,197,2,0.3571,binary,UCR Archive (Strawberry) via AEON,0.9238578680203046,0.9086294416243654,0.9289340101522843,0.9187817258883249,0.9035532994923858,0.964904386951631,0.9758155230596176,0.9793025871766029,0.9805399325084365,0.9704161979752531,seen,0.9441624365482234,0.9816647919010124,seen,0.934010152284264,0.983689538807649,seen,0.9289340101522843,0.9800899887514061,seen,0.9289340101522843,0.9749156355455568,0.9238578680203046,0.9789651293588302
timeseries,ts_strawberry,resnet1d,983,589,197,197,2,0.3571,binary,UCR Archive (Strawberry) via AEON,0.8578680203045685,0.9187817258883249,0.934010152284264,0.934010152284264,0.9238578680203046,0.9335770528683914,0.965466816647919,0.9744656917885264,0.9858830146231721,0.970416197975253,unseen_encoders,0.9441624365482234,0.990326209223847,unseen_encoders,0.9390862944162437,0.9898762654668165,unseen_encoders,0.934010152284264,0.9876265466816648,unseen_encoders,0.9289340101522843,0.9827334083239595,0.9390862944162437,0.983970753655793
timeseries,ts_strawberry,rocket,983,589,197,197,2,0.3571,binary,UCR Archive (Strawberry) via AEON,0.9035532994923858,0.949238578680203,0.9543147208121827,0.9238578680203046,0.9187817258883249,0.9528683914510686,0.9845894263217099,0.9839145106861642,0.9825646794150732,0.9650168728908886,seen,0.949238578680203,0.9903262092238471,seen,0.949238578680203,0.9904386951631047,seen,0.9441624365482234,0.9865016872890889,seen,0.9390862944162437,0.9869516310461193,0.9390862944162437,0.9880764904386952
timeseries,ts_two_lead_ecg,chronos_t5_small,1162,696,233,233,2,0.5,binary,UCR Archive (TwoLeadECG) via AEON,0.9742489270386266,0.9828326180257511,0.9828326180257511,0.9828326180257511,0.9914163090128756,0.9938476274683171,0.9962422634836428,0.997789566755084,0.9991895078101974,0.9986737400530504,seen,0.9785407725321889,0.9988211022693781,seen,0.9871244635193133,0.9986000589448865,unseen_tasks,0.9828326180257511,0.9985263778367227,seen,0.9828326180257511,0.9986737400530504,0.9871244635193133,0.9982316534040672
timeseries,ts_two_lead_ecg,minirocket,1162,696,233,233,2,0.5,binary,UCR Archive (TwoLeadECG) via AEON,0.9871244635193133,0.9957081545064378,0.9957081545064378,0.9957081545064378,0.9914163090128756,0.9997052755673446,0.9997052755673446,0.9998526377836723,1.0,1.0,seen,0.9957081545064378,0.9996315944591806,seen,0.9957081545064378,0.9998526377836723,unseen_tasks,0.9957081545064378,0.9997052755673446,seen,0.9957081545064378,1.0,0.9957081545064378,0.9999263188918361
timeseries,ts_two_lead_ecg,resnet1d,1162,696,233,233,2,0.5,binary,UCR Archive (TwoLeadECG) via AEON,0.9785407725321889,0.9871244635193133,0.9914163090128756,0.9957081545064378,0.944206008583691,0.992226643088712,0.998305334512231,0.9974211612142647,1.0,0.9879899793692898,unseen_encoders,0.9957081545064378,1.0,unseen_encoders,0.9914163090128756,1.0,unseen_both,0.9957081545064378,1.0,unseen_encoders,0.9957081545064378,1.0,0.9914163090128756,1.0
timeseries,ts_two_lead_ecg,rocket,1162,696,233,233,2,0.5,binary,UCR Archive (TwoLeadECG) via AEON,0.9957081545064378,0.9957081545064378,1.0,0.9957081545064378,0.9957081545064378,0.9957264957264957,1.0,1.0,1.0,0.9998526377836723,seen,1.0,1.0,seen,0.9957081545064378,1.0,unseen_tasks,1.0,1.0,seen,1.0,1.0,1.0,1.0
timeseries,ts_wafer,chronos_t5_small,1000,702,149,149,2,0.097,,UCR Archive (Wafer),0.9798657718120806,0.9798657718120806,0.9798657718120806,0.9865771812080537,0.9395973154362416,0.9962962962962962,0.9936507936507936,0.9941798941798942,0.9984126984126984,0.9862433862433863,seen,0.9932885906040269,0.9957671957671957,seen,0.9932885906040269,0.9957671957671957,unseen_tasks,0.9932885906040269,0.9947089947089947,unseen_tasks,0.9932885906040269,0.9957671957671957,0.9865771812080537,0.9962962962962962
timeseries,ts_wafer,minirocket,1000,702,149,149,2,0.097,,UCR Archive (Wafer),1.0,1.0,1.0,1.0,1.0,1.0,1.0,1.0,1.0,1.0,seen,1.0,1.0,seen,1.0,1.0,unseen_tasks,1.0,1.0,unseen_tasks,1.0,1.0,1.0,1.0
timeseries,ts_wafer,resnet1d,1000,702,149,149,2,0.097,,UCR Archive (Wafer),0.9463087248322147,0.9664429530201343,0.9664429530201343,0.9932885906040269,0.959731543624161,0.8502645502645503,0.9089947089947089,0.9608465608465608,0.9994708994708994,0.9941798941798943,unseen_encoders,0.9731543624161074,0.9962962962962962,unseen_encoders,0.9664429530201343,0.9973544973544973,unseen_both,0.9798657718120806,0.9968253968253968,unseen_both,0.9664429530201343,0.9925925925925926,0.9731543624161074,0.9973544973544974
timeseries,ts_wafer,rocket,1000,702,149,149,2,0.097,,UCR Archive (Wafer),0.9932885906040269,1.0,1.0,1.0,0.9932885906040269,1.0,1.0,1.0,1.0,1.0,seen,1.0,1.0,seen,1.0,1.0,unseen_tasks,1.0,1.0,unseen_tasks,1.0,1.0,1.0,1.0
vision,vision_beans,beit_base_patch16_224,1034,620,207,207,3,0.3298,multiclass,HuggingFace (beans),0.8840579710144928,0.9178743961352657,0.9420289855072463,0.9082125603864735,0.8985507246376812,0.9742883787966542,0.9899997311658887,0.9890478220179384,0.9849893543554624,0.9770199235785489,unseen_encoders,0.9323671497584541,0.9896962494686697,unseen_encoders,0.9130434782608695,0.9874266200343951,unseen_encoders,0.9227053140096618,0.990080307680563,unseen_encoders,0.927536231884058,0.9886515218536563,0.9178743961352657,0.9876019015130586
vision,vision_beans,dinov2_small,1034,620,207,207,3,0.3298,multiclass,HuggingFace (beans),0.8647342995169082,0.8888888888888888,0.8888888888888888,0.8792270531400966,0.8695652173913043,0.9542614136870603,0.9739060948947157,0.9764759956649347,0.9771723943237242,0.96143708026915,seen,0.9082125603864735,0.9788615962349855,seen,0.9033816425120773,0.9776856621727581,seen,0.8985507246376812,0.9796033110369481,seen,0.9033816425120773,0.9782105357819989,0.9033816425120773,0.9778914161125923
vision,vision_beans,metaclip_b16,1034,620,207,207,3,0.3298,multiclass,HuggingFace (beans),0.9082125603864735,0.9516908212560387,0.9468599033816425,0.9227053140096618,0.927536231884058,0.9747802085160822,0.9954684746159733,0.9962001502110002,0.9920163911506203,0.9880673801884917,seen,0.9468599033816425,0.9952219276917439,seen,0.9565217391304348,0.9933042457336102,seen,0.9420289855072463,0.9946297712257679,seen,0.961352657004831,0.9948730691968862,0.9468599033816425,0.9939663713768553
vision,vision_beans,siglip_base,1034,620,207,207,3,0.3298,multiclass,HuggingFace (beans),0.9178743961352657,0.927536231884058,0.9371980676328503,0.9033816425120773,0.8888888888888888,0.9613641214634899,0.98799271135141,0.9893511584342418,0.9798647071766022,0.9702215046684016,seen,0.9371980676328503,0.98555464584887,seen,0.927536231884058,0.9848910198402417,seen,0.9371980676328503,0.9844751928988814,seen,0.9516908212560387,0.9861450206331744,0.9468599033816425,0.9847524936005699
vision,vision_beans,vit_base_patch16_224,1034,620,207,207,3,0.3298,multiclass,HuggingFace (beans),0.8454106280193237,0.927536231884058,0.9227053140096618,0.8743961352657005,0.8502415458937198,0.9543277220667176,0.9860544765973449,0.9844868501205338,0.9710668162779749,0.9563965380885912,seen,0.9033816425120773,0.9813514426929765,seen,0.9130434782608695,0.9837607291655003,seen,0.9033816425120773,0.9801240476189532,seen,0.8985507246376812,0.9807940887811779,0.8985507246376812,0.9792577014952011
vision,vision_bloodmnist,beit_base_patch16_224,2000,1200,400,400,8,0.0745,multiclass,MedMNIST (bloodmnist),0.76,0.855,0.8825,0.8125,0.78,0.925232448024105,0.9813513412688254,0.9841317863450179,0.9788623175753851,0.9567901585417432,unseen_encoders,0.8675,0.9856588100271451,unseen_encoders,0.8575,0.9828369477009267,unseen_encoders,0.865,0.9855228840125726,unseen_encoders,0.8675,0.9846914065333813,0.855,0.9838218233219946
vision,vision_bloodmnist,dinov2_small,2000,1200,400,400,8,0.0745,multiclass,MedMNIST (bloodmnist),0.7175,0.84,0.835,0.8175,0.7225,0.8943481804827275,0.9725301525090586,0.9765127380748218,0.9701174534121623,0.939231635836332,seen,0.86,0.9798817893187333,seen,0.8475,0.9775601658206847,seen,0.8575,0.9788132482130538,seen,0.8325,0.977372381051089,0.85,0.97846349843973
vision,vision_bloodmnist,metaclip_b16,2000,1200,400,400,8,0.0745,multiclass,MedMNIST (bloodmnist),0.575,0.7225,0.725,0.6975,0.635,0.823999424534376,0.9307522263292106,0.9385059910706974,0.930832116576922,0.8895340476041289,seen,0.7175,0.9418144361419603,seen,0.7225,0.9411420627934229,seen,0.7225,0.94253012897899,seen,0.7325,0.9406349705838877,0.7175,0.9422792828575326
vision,vision_bloodmnist,siglip_base,2000,1200,400,400,8,0.0745,multiclass,MedMNIST (bloodmnist),0.6825,0.7675,0.7775,0.745,0.6975,0.8972140922544471,0.9547559397043157,0.9580029274267814,0.9536676865886602,0.9202012400197803,seen,0.8,0.9652533093206312,seen,0.79,0.9642169425764364,seen,0.785,0.9632759778321734,seen,0.78,0.9627663606998436,0.775,0.962037858691893
vision,vision_bloodmnist,vit_base_patch16_224,2000,1200,400,400,8,0.0745,multiclass,MedMNIST (bloodmnist),0.72,0.855,0.8625,0.825,0.79,0.9098323952576252,0.9797667280072422,0.9815240254033352,0.9807874269918525,0.9610082922247214,seen,0.8475,0.9841219493101541,seen,0.85,0.9824120091964883,seen,0.8525,0.983487990790719,seen,0.8475,0.9819408318043013,0.84,0.980680696507248
vision,vision_breastmnist,beit_base_patch16_224,546,327,109,110,2,0.2692,binary,MedMNIST (breastmnist),0.8,0.8545454545454545,0.8363636363636363,0.8090909090909091,0.7818181818181819,0.7106250000000001,0.7925000000000001,0.7979166666666667,0.7379166666666667,0.7433333333333334,unseen_encoders,0.8363636363636363,0.79625,unseen_encoders,0.8454545454545455,0.7975,unseen_encoders,0.8272727272727273,0.8016666666666666,unseen_encoders,0.8636363636363636,0.7999999999999999,0.8363636363636363,0.795
vision,vision_breastmnist,dinov2_small,546,327,109,110,2,0.2692,binary,MedMNIST (breastmnist),0.8181818181818182,0.8272727272727273,0.8545454545454545,0.8454545454545455,0.7363636363636363,0.7708333333333334,0.7920833333333334,0.8108333333333333,0.7783333333333333,0.7825,seen,0.8181818181818182,0.8241666666666667,seen,0.8363636363636363,0.82625,seen,0.8363636363636363,0.8266666666666667,seen,0.8454545454545455,0.8208333333333333,0.8545454545454545,0.8229166666666666
vision,vision_breastmnist,metaclip_b16,546,327,109,110,2,0.2692,binary,MedMNIST (breastmnist),0.7636363636363637,0.7454545454545455,0.8,0.7909090909090909,0.7454545454545455,0.6608333333333333,0.67,0.7283333333333333,0.6777083333333334,0.7020833333333333,seen,0.8181818181818182,0.7720833333333333,seen,0.7909090909090909,0.7691666666666667,seen,0.7909090909090909,0.7454166666666667,seen,0.8,0.7433333333333334,0.7909090909090909,0.7545833333333334
vision,vision_breastmnist,siglip_base,546,327,109,110,2,0.2692,binary,MedMNIST (breastmnist),0.8272727272727273,0.8181818181818182,0.7909090909090909,0.7909090909090909,0.7818181818181819,0.7302083333333333,0.7912499999999999,0.7908333333333333,0.7116666666666667,0.77,seen,0.8545454545454545,0.8029166666666666,seen,0.8272727272727273,0.8191666666666666,seen,0.8272727272727273,0.8091666666666667,seen,0.8,0.81625,0.8090909090909091,0.7920833333333333
vision,vision_breastmnist,vit_base_patch16_224,546,327,109,110,2,0.2692,binary,MedMNIST (breastmnist),0.7727272727272727,0.7909090909090909,0.8272727272727273,0.7272727272727273,0.7454545454545455,0.7295833333333334,0.73125,0.7654166666666666,0.65625,0.6825000000000001,seen,0.7727272727272727,0.7508333333333334,seen,0.8,0.7579166666666667,seen,0.7909090909090909,0.7554166666666666,seen,0.7818181818181819,0.7891666666666667,0.7727272727272727,0.7645833333333333
vision,vision_cifar10,beit_base_patch16_224,600,432,84,84,10,0.0767,,HuggingFace (cifar10),1.0,0.9880952380952381,1.0,0.9642857142857143,0.9166666666666666,1.0,1.0,1.0,0.9995945945945947,0.998060137060137,unseen_both,0.9880952380952381,0.9997297297297297,unseen_encoders,0.9880952380952381,0.9998648648648649,unseen_both,1.0,1.0,unseen_encoders,0.9880952380952381,0.9998648648648649,0.9880952380952381,0.9997297297297297
vision,vision_cifar10,dinov2_small,600,432,84,84,10,0.0767,,HuggingFace (cifar10),0.9761904761904762,0.9761904761904762,0.9761904761904762,0.9761904761904762,0.8928571428571429,0.9861344052772625,0.9996663230948947,0.9996663230948947,0.9994807943379372,0.9870679839251268,unseen_tasks,0.9761904761904762,0.9989242080670653,seen,0.9642857142857143,0.9991471174328318,unseen_tasks,0.9761904761904762,0.9996663230948947,seen,0.9642857142857143,0.9996663230948947,0.9761904761904762,0.9994807943379372
vision,vision_cifar10,metaclip_b16,600,432,84,84,10,0.0767,,HuggingFace (cifar10),0.9285714285714286,0.9404761904761905,0.9166666666666666,0.9404761904761905,0.8809523809523809,0.9983173943173943,0.9972205696491411,0.9981167321167321,0.9996511896511897,0.9901266651266651,unseen_tasks,0.9285714285714286,0.9998648648648649,seen,0.9047619047619048,0.9986047586047586,unseen_tasks,0.9047619047619048,0.99791606991607,seen,0.9285714285714286,0.9979856779856779,0.9285714285714286,0.9982429352429353
vision,vision_cifar10,siglip_base,600,432,84,84,10,0.0767,,HuggingFace (cifar10),0.9642857142857143,0.9642857142857143,0.9761904761904762,0.9523809523809523,0.9285714285714286,0.999671052631579,0.9993175127460843,0.9996381766381767,0.9980914522343094,0.9955423529709245,unseen_tasks,0.9404761904761905,0.9988747267318695,seen,0.9523809523809523,0.9989461754264386,unseen_tasks,0.9404761904761905,0.9991823776109492,seen,0.9523809523809523,0.998975513975514,0.9404761904761905,0.998975513975514
vision,vision_cifar10,vit_base_patch16_224,600,432,84,84,10,0.0767,,HuggingFace (cifar10),0.9761904761904762,0.9523809523809523,0.9523809523809523,0.9642857142857143,0.9166666666666666,0.9996511896511897,0.9996663230948947,0.9996663230948947,0.9994807943379372,0.9945767121481408,unseen_tasks,0.9642857142857143,0.9989242080670653,seen,0.9523809523809523,0.9996663230948947,unseen_tasks,0.9523809523809523,0.9996663230948947,seen,0.9523809523809523,0.9996663230948947,0.9523809523809523,0.9996663230948947
vision,vision_dermamnist,beit_base_patch16_224,2000,1200,400,400,7,0.012,multiclass,MedMNIST (dermamnist),0.6875,0.68,0.7175,0.705,0.6925,0.6787613588662769,0.8427912134836958,0.8461945183359715,0.8529867733789918,0.8216667439716411,unseen_encoders,0.715,0.8576276173631807,unseen_encoders,0.71,0.8639473739026436,unseen_encoders,0.7125,0.8642524173159855,unseen_encoders,0.7025,0.8637578286676532,0.7025,0.8534684583582414
vision,vision_dermamnist,dinov2_small,2000,1200,400,400,7,0.012,multiclass,MedMNIST (dermamnist),0.68,0.6525,0.72,0.7225,0.705,0.6781963006882883,0.813876510307782,0.8105672257985995,0.8431107103554897,0.7960588888840595,seen,0.7125,0.8735872648838888,seen,0.72,0.8721691482752201,seen,0.7175,0.8692027341559764,seen,0.7075,0.8664005847110955,0.71,0.8408893571942586
vision,vision_dermamnist,metaclip_b16,2000,1200,400,400,7,0.012,multiclass,MedMNIST (dermamnist),0.665,0.64,0.67,0.6775,0.7025,0.6638672581748878,0.8117019790754665,0.8146188344261635,0.8305514142998591,0.7844008863748699,seen,0.6925,0.8109556594109553,seen,0.69,0.8211615567592717,seen,0.6975,0.8097506825445756,seen,0.7,0.7963862107256351,0.6925,0.7857247692213827
vision,vision_dermamnist,siglip_base,2000,1200,400,400,7,0.012,multiclass,MedMNIST (dermamnist),0.685,0.6675,0.6975,0.6925,0.685,0.6798943521021056,0.825075397291837,0.851929750319032,0.8604159316950858,0.8175970241614109,seen,0.7225,0.8763105141708287,seen,0.71,0.8728070779742559,seen,0.7225,0.8763644022775863,seen,0.715,0.8714695782026336,0.6975,0.8446194023814366
vision,vision_dermamnist,vit_base_patch16_224,2000,1200,400,400,7,0.012,multiclass,MedMNIST (dermamnist),0.6725,0.6775,0.6825,0.6925,0.685,0.6926526215217962,0.8048321830993918,0.7909840892870327,0.8216885700807316,0.8049731149644821,seen,0.7,0.8365500405565888,seen,0.7075,0.8571428562777904,seen,0.7025,0.8464630987462657,seen,0.7075,0.8365309008775281,0.6925,0.8216768620030458
vision,vision_fashion_mnist,beit_base_patch16_224,600,432,84,84,10,0.0917,,HuggingFace (fashion_mnist),0.8333333333333334,0.8452380952380952,0.8571428571428571,0.8809523809523809,0.7976190476190477,0.9472702241715399,0.979743664717349,0.981438596491228,0.9862760721247563,0.9660197368421052,unseen_encoders,0.8571428571428571,0.985271686159844,unseen_both,0.8690476190476191,0.9872629142300194,unseen_encoders,0.8690476190476191,0.9888598927875243,unseen_both,0.8809523809523809,0.9863576998050683,0.8809523809523809,0.987328216374269
vision,vision_fashion_mnist,dinov2_small,600,432,84,84,10,0.0917,,HuggingFace (fashion_mnist),0.8690476190476191,0.8452380952380952,0.8333333333333334,0.8333333333333334,0.8452380952380952,0.9641866471734891,0.9709763645224172,0.971567738791423,0.9794334795321638,0.9739030214424952,seen,0.8214285714285714,0.9843036062378168,unseen_tasks,0.8333333333333334,0.985159844054581,seen,0.8214285714285714,0.986525828460039,unseen_tasks,0.8333333333333334,0.9868384502923977,0.8452380952380952,0.9875453216374268
vision,vision_fashion_mnist,metaclip_b16,600,432,84,84,10,0.0917,,HuggingFace (fashion_mnist),0.8214285714285714,0.8690476190476191,0.8333333333333334,0.7976190476190477,0.7738095238095238,0.9649884259259259,0.9853720760233917,0.9871159844054581,0.9798089668615984,0.9727843567251464,seen,0.8452380952380952,0.9831323099415205,unseen_tasks,0.8452380952380952,0.9851072124756335,seen,0.8571428571428571,0.9833796296296295,unseen_tasks,0.8571428571428571,0.9830996588693957,0.8571428571428571,0.9846464424951268
vision,vision_fashion_mnist,siglip_base,600,432,84,84,10,0.0917,,HuggingFace (fashion_mnist),0.8333333333333334,0.8571428571428571,0.8571428571428571,0.8333333333333334,0.7738095238095238,0.9349014376218323,0.9828711013645224,0.9879395711500975,0.9797938596491228,0.9656805555555555,seen,0.8214285714285714,0.9847770467836258,unseen_tasks,0.8214285714285714,0.9865560428849903,seen,0.8333333333333334,0.9857324561403509,unseen_tasks,0.8333333333333334,0.9840211988304095,0.8333333333333334,0.9847945906432749
vision,vision_fashion_mnist,vit_base_patch16_224,600,432,84,84,10,0.0917,,HuggingFace (fashion_mnist),0.7857142857142857,0.75,0.8333333333333334,0.8095238095238095,0.7619047619047619,0.9519529727095517,0.969624269005848,0.9741642300194933,0.9735879629629629,0.9563133528265109,seen,0.8095238095238095,0.9764995126705653,unseen_tasks,0.8095238095238095,0.9736042884990252,seen,0.8333333333333334,0.9738177387914231,unseen_tasks,0.8214285714285714,0.9731435185185185,0.8214285714285714,0.9753645224171539
vision,vision_mnist,beit_base_patch16_224,1000,600,200,200,10,0.078,multiclass,HuggingFace (mnist),0.855,0.915,0.92,0.885,0.835,0.975824418096647,0.9928465550024598,0.9950146830145966,0.9911149346533762,0.9684410879637358,unseen_both,0.91,0.9949145199463745,unseen_encoders,0.915,0.9959097235111514,unseen_encoders,0.92,0.9959658871188909,unseen_encoders,0.925,0.9950279085253173,0.915,0.9951966545917184
vision,vision_mnist,dinov2_small,1000,600,200,200,10,0.078,multiclass,HuggingFace (mnist),0.785,0.91,0.92,0.89,0.75,0.9430229637448544,0.9882029884010122,0.9893838915749086,0.9910302481011701,0.9664638570223983,unseen_tasks,0.9,0.9911489261361757,seen,0.91,0.9929763876643355,seen,0.915,0.9933939126520528,seen,0.92,0.9922608962929577,0.905,0.9906288670151083
vision,vision_mnist,metaclip_b16,1000,600,200,200,10,0.078,multiclass,HuggingFace (mnist),0.845,0.915,0.89,0.89,0.83,0.9579707644517217,0.9949188941401215,0.9945200328416146,0.9929136027972791,0.9631212069809578,unseen_tasks,0.905,0.9936700401558938,seen,0.89,0.9940483586220248,seen,0.905,0.9939087045294199,seen,0.91,0.993314541498062,0.89,0.9941615565691594
vision,vision_mnist,siglip_base,1000,600,200,200,10,0.078,multiclass,HuggingFace (mnist),0.965,0.965,0.965,0.955,0.92,0.9908766257571606,0.9988960492637624,0.9989345308862878,0.9963114493091503,0.9946200259785375,unseen_tasks,0.955,0.9987963290389568,seen,0.96,0.9987627365873226,seen,0.97,0.9986296452251755,seen,0.96,0.9984695866104367,0.965,0.998763111526993
vision,vision_mnist,vit_base_patch16_224,1000,600,200,200,10,0.078,multiclass,HuggingFace (mnist),0.74,0.82,0.855,0.83,0.73,0.9285844065955438,0.9832374685198145,0.9868158914951348,0.9821094372931765,0.9446434565861457,unseen_tasks,0.865,0.9886701787269958,seen,0.855,0.9895094066013577,seen,0.86,0.9859377852453672,seen,0.84,0.9858043170644173,0.85,0.9864792014224827
vision,vision_pneumoniamnist,beit_base_patch16_224,2000,1200,400,400,2,0.267,binary,MedMNIST (pneumoniamnist),0.9,0.92,0.9175,0.905,0.9075,0.9200519830573738,0.9555897830830445,0.9532152483634964,0.9515145680913875,0.9533756898986009,unseen_encoders,0.9125,0.9594082916185341,unseen_both,0.9125,0.9587986137851366,unseen_encoders,0.9125,0.955397253240919,unseen_encoders,0.91,0.9601463226800153,0.92,0.9589911436272623
vision,vision_pneumoniamnist,dinov2_small,2000,1200,400,400,2,0.267,binary,MedMNIST (pneumoniamnist),0.91,0.93,0.9275,0.9375,0.9125,0.9563599024515466,0.9760942112694134,0.9765113592606853,0.9761423437299448,0.9708959055320242,seen,0.9375,0.980779104094468,unseen_tasks,0.93,0.9810999871646771,seen,0.935,0.9801052496470286,seen,0.9375,0.9785650109100243,0.9325,0.9796881016557567
vision,vision_pneumoniamnist,metaclip_b16,2000,1200,400,400,2,0.267,binary,MedMNIST (pneumoniamnist),0.88,0.8975,0.89,0.91,0.905,0.9225388268514952,0.9514503914773456,0.9455140546784752,0.9581889359517392,0.9532633808240277,seen,0.91,0.9551726350917724,unseen_tasks,0.9,0.9552368117058144,seen,0.905,0.9528301886792453,seen,0.905,0.9543704274162494,0.9075,0.9548196637145423
vision,vision_pneumoniamnist,siglip_base,2000,1200,400,400,2,0.267,binary,MedMNIST (pneumoniamnist),0.85,0.8975,0.905,0.9,0.8825,0.9125593633679887,0.9588307020921576,0.9610768835836221,0.9581087151841867,0.9471826466435631,seen,0.9025,0.9581568476447182,unseen_tasks,0.8975,0.9578038762674881,seen,0.8975,0.9565524322936722,seen,0.9,0.9572904633551533,0.9025,0.9559106661532537
vision,vision_pneumoniamnist,vit_base_patch16_224,2000,1200,400,400,2,0.267,binary,MedMNIST (pneumoniamnist),0.8875,0.925,0.92,0.9125,0.9,0.9414548838403285,0.970960082146066,0.9695161083301245,0.966403542549095,0.9561352843024001,seen,0.915,0.9685534591194969,unseen_tasks,0.915,0.9713451418303171,seen,0.915,0.9679437812860993,seen,0.915,0.9666281606982415,0.9125,0.9641573610576306
vision,vision_retinamnist,beit_base_patch16_224,1080,648,216,216,5,0.0611,multiclass,MedMNIST (retinamnist),0.49074074074074076,0.48148148148148145,0.4675925925925926,0.49074074074074076,0.48148148148148145,0.7168189919194751,0.7277076413333008,0.7302556086773858,0.7462082181079298,0.7479251670018904,unseen_encoders,0.4675925925925926,0.7633422420108006,unseen_encoders,0.5,0.7646182114028852,unseen_both,0.4861111111111111,0.7618913592791878,unseen_encoders,0.4861111111111111,0.7631074946187957,0.4861111111111111,0.7747851064300759
vision,vision_retinamnist,dinov2_small,1080,648,216,216,5,0.0611,multiclass,MedMNIST (retinamnist),0.48148148148148145,0.4444444444444444,0.49074074074074076,0.5185185185185185,0.4537037037037037,0.6607539071305478,0.6983173756654655,0.7175126897661125,0.7345623396379453,0.7148213210710506,seen,0.49074074074074076,0.726976196150217,seen,0.5,0.7369535403727284,unseen_tasks,0.4861111111111111,0.7435583579592709,seen,0.5046296296296297,0.7448304896873008,0.5092592592592593,0.7523675368107346
vision,vision_retinamnist,metaclip_b16,1080,648,216,216,5,0.0611,multiclass,MedMNIST (retinamnist),0.49537037037037035,0.5,0.5,0.5138888888888888,0.5324074074074074,0.6455276191494936,0.6857578357244402,0.7061936433277385,0.7006982709175984,0.7076586087806649,seen,0.5185185185185185,0.7169389976416708,seen,0.5138888888888888,0.7185785066181445,unseen_tasks,0.5185185185185185,0.7332415026143546,seen,0.5277777777777778,0.7317002926435376,0.5370370370370371,0.7171955016584393
vision,vision_retinamnist,siglip_base,1080,648,216,216,5,0.0611,multiclass,MedMNIST (retinamnist),0.46296296296296297,0.46296296296296297,0.4537037037037037,0.46296296296296297,0.47685185185185186,0.6392521779237,0.7030318683487812,0.6805103184652747,0.7160009635572061,0.7164447326523194,seen,0.4861111111111111,0.7472671789233308,seen,0.48148148148148145,0.7404390528436474,unseen_tasks,0.47685185185185186,0.7419913895361154,seen,0.48148148148148145,0.7394854261709507,0.47685185185185186,0.7492208877734587
vision,vision_retinamnist,vit_base_patch16_224,1080,648,216,216,5,0.0611,multiclass,MedMNIST (retinamnist),0.4861111111111111,0.4583333333333333,0.4583333333333333,0.46296296296296297,0.4583333333333333,0.6623445391216262,0.6930925111789545,0.7075224037778594,0.7174718860471325,0.7068788429371093,seen,0.48148148148148145,0.7513312300088304,seen,0.4722222222222222,0.737276996191325,unseen_tasks,0.47685185185185186,0.7251776788937412,seen,0.4722222222222222,0.7298840868291911,0.4583333333333333,0.7292832918994684
vision,vision_svhn,beit_base_patch16_224,600,428,86,86,10,0.0567,,HuggingFace (svhn),0.2441860465116279,0.3023255813953488,0.3372093023255814,0.3488372093023256,0.26744186046511625,0.608143974956475,0.7582600525345623,0.7626692316569768,0.758002892169559,0.6647531000668255,unseen_encoders,0.38372093023255816,0.7945724895896464,unseen_encoders,0.36046511627906974,0.8051952436486751,unseen_encoders,0.32558139534883723,0.7663452094628564,unseen_both,0.3488372093023256,0.768601663405585,0.36046511627906974,0.7569546594620125
vision,vision_svhn,dinov2_small,600,428,86,86,10,0.0567,,HuggingFace (svhn),0.1744186046511628,0.23255813953488372,0.27906976744186046,0.22093023255813954,0.1744186046511628,0.5802367760823642,0.7048406526078096,0.7248549761760547,0.7010508771587205,0.5997827736675776,seen,0.3023255813953488,0.7208996450074882,seen,0.27906976744186046,0.715831527941822,seen,0.26744186046511625,0.7064023287160541,unseen_tasks,0.22093023255813954,0.7067209592234103,0.27906976744186046,0.6783364044834633
vision,vision_svhn,metaclip_b16,600,428,86,86,10,0.0567,,HuggingFace (svhn),0.27906976744186046,0.3953488372093023,0.4069767441860465,0.43023255813953487,0.26744186046511625,0.6364929501534894,0.7579195066719576,0.7641537936905584,0.713173090202502,0.663105701125309,seen,0.37209302325581395,0.7413552952450011,seen,0.4069767441860465,0.741804042625121,seen,0.38372093023255816,0.7288310319143653,unseen_tasks,0.3953488372093023,0.7284133568300235,0.36046511627906974,0.7255288386709956
vision,vision_svhn,siglip_base,600,428,86,86,10,0.0567,,HuggingFace (svhn),0.38372093023255816,0.5,0.5,0.5813953488372093,0.45348837209302323,0.7540094509359215,0.8659351929229381,0.883548568180921,0.8778942247349111,0.8293090909242871,seen,0.5348837209302325,0.8710908622256662,seen,0.6046511627906976,0.8911209050498267,seen,0.5232558139534884,0.8811146253376645,unseen_tasks,0.5116279069767442,0.8824453570335924,0.5348837209302325,0.8692028614920773
vision,vision_svhn,vit_base_patch16_224,600,428,86,86,10,0.0567,,HuggingFace (svhn),0.18604651162790697,0.32558139534883723,0.26744186046511625,0.18604651162790697,0.22093023255813954,0.5967726352652823,0.6476808932397168,0.5955780086760478,0.6468915757910856,0.5975206016161898,seen,0.23255813953488372,0.6986724702925683,seen,0.26744186046511625,0.67605275735913,seen,0.23255813953488372,0.6685446673020202,unseen_tasks,0.22093023255813954,0.6576920348758584,0.22093023255813954,0.6256773673195241
