domain,task,encoder,num_samples,train_size,val_size,test_size,num_classes,min_class_frac,task_type,source,knn_accuracy,linear_accuracy,mlp_accuracy,tabicl_zeroshot_accuracy,xgboost_accuracy,knn_auroc,linear_auroc,mlp_auroc,tabicl_zeroshot_auroc,xgboost_auroc
audio,audio_crema_d,ast_audioset,2000,1200,400,400,6,0.1465,multiclass,HuggingFace (confit/crema-d),0.43,0.4675,0.51,0.5,0.47,0.7196250715638124,0.7938559218825816,0.8037123836372504,0.8103444844356856,0.7821949438479501
audio,audio_crema_d,clap_general,2000,1200,400,400,6,0.1465,multiclass,HuggingFace (confit/crema-d),0.44,0.44,0.49,0.4875,0.4425,0.7213622428665446,0.775611063356389,0.7975682228647386,0.7990009819251944,0.7782868831120927
audio,audio_crema_d,wavlm_base_plus,2000,1200,400,400,6,0.1465,multiclass,HuggingFace (confit/crema-d),0.3975,0.5225,0.545,0.48,0.4625,0.7028717987488519,0.8275009485821933,0.8380144431826452,0.8266320906151158,0.7931755184620314
audio,audio_crema_d,whisper_large_v3_turbo,2000,1200,400,400,6,0.1465,multiclass,HuggingFace (confit/crema-d),0.385,0.6175,0.6075,0.5375,0.53,0.7184285859168352,0.8928133695737764,0.8905385065041639,0.8555147877139966,0.8384761613307408
audio,audio_emodb,ast_audioset,535,321,107,107,7,0.086,multiclass,HuggingFace (renumics/emodb),0.616822429906542,0.6728971962616822,0.6728971962616822,0.6915887850467289,0.5514018691588785,0.9013110677364354,0.9289006336568137,0.932670850701357,0.9235652457560226,0.840771314262527
audio,audio_emodb,clap_general,535,321,107,107,7,0.086,multiclass,HuggingFace (renumics/emodb),0.6915887850467289,0.6915887850467289,0.719626168224299,0.6261682242990654,0.5233644859813084,0.9028029618794687,0.9275514912876636,0.9333100580772017,0.9208762174658117,0.8630844202520401
audio,audio_emodb,wavlm_base_plus,535,321,107,107,7,0.086,multiclass,HuggingFace (renumics/emodb),0.4953271028037383,0.6728971962616822,0.7009345794392523,0.6728971962616822,0.5607476635514018,0.8209415294440207,0.9203046923228653,0.9175099718757062,0.9275014091114462,0.8800285172450121
audio,audio_emodb,whisper_large_v3_turbo,535,321,107,107,7,0.086,multiclass,HuggingFace (renumics/emodb),0.48598130841121495,0.8037383177570093,0.8317757009345794,0.7757009345794392,0.616822429906542,0.761817998881728,0.970730136242231,0.9798705076156871,0.9632958067885486,0.8785316426705828
audio,audio_esc10,ast_audioset,400,280,60,60,10,0.1,,HuggingFace (ashraq/esc50),1.0,1.0,1.0,0.9666666666666667,0.95,1.0,1.0,1.0,1.0,0.9972222222222221
audio,audio_esc10,clap_general,400,280,60,60,10,0.1,,HuggingFace (ashraq/esc50),1.0,1.0,1.0,1.0,0.9833333333333333,1.0,1.0,1.0,1.0,0.999074074074074
audio,audio_esc10,w2v_bert_2,400,280,60,60,10,0.1,,HuggingFace (ashraq/esc50),0.7833333333333333,0.8166666666666667,0.85,0.8,0.7333333333333333,0.9791666666666667,0.9830246913580247,0.986111111111111,0.9709876543209877,0.9660493827160493
audio,audio_esc10,wavlm_base_plus,400,280,60,60,10,0.1,,HuggingFace (ashraq/esc50),0.8833333333333333,0.8666666666666667,0.8833333333333333,0.9166666666666666,0.8166666666666667,0.9675925925925926,0.9919753086419754,0.9910493827160494,0.9922839506172838,0.9898148148148149
audio,audio_esc10,whisper_large_v3_turbo,400,280,60,60,10,0.1,,HuggingFace (ashraq/esc50),0.8,0.9333333333333333,0.9166666666666666,0.85,0.8166666666666667,0.9614197530864198,0.9959876543209877,0.9969135802469136,0.991358024691358,0.9820987654320987
audio,audio_gtzan,ast_audioset,999,599,200,200,10,0.0991,multiclass,HuggingFace (marsyas/gtzan),0.81,0.835,0.845,0.805,0.695,0.9524305555555556,0.9793888888888891,0.9835277777777778,0.9777777777777779,0.9511388888888888
audio,audio_gtzan,clap_general,999,599,200,200,10,0.0991,multiclass,HuggingFace (marsyas/gtzan),0.84,0.855,0.825,0.82,0.76,0.9727499999999999,0.9796388888888888,0.9838888888888888,0.9834166666666666,0.9553611111111111
audio,audio_gtzan,w2v_bert_2,999,599,200,200,10,0.0991,multiclass,HuggingFace (marsyas/gtzan),0.63,0.73,0.73,0.71,0.595,0.9086111111111113,0.9512222222222222,0.9586388888888889,0.94575,0.8958055555555557
audio,audio_gtzan,wavlm_base_plus,999,599,200,200,10,0.0991,multiclass,HuggingFace (marsyas/gtzan),0.56,0.605,0.655,0.6,0.51,0.8634305555555555,0.9215833333333332,0.9319166666666667,0.9132777777777779,0.87325
audio,audio_gtzan,whisper_large_v3_turbo,999,599,200,200,10,0.0991,multiclass,HuggingFace (marsyas/gtzan),0.59,0.685,0.715,0.62,0.55,0.8573611111111111,0.9431111111111111,0.9439444444444444,0.9057222222222222,0.885888888888889
audio,audio_ravdess,ast_audioset,1440,864,288,288,8,0.0667,multiclass,HuggingFace (xbgoose/ravdess),0.5138888888888888,0.5868055555555556,0.5902777777777778,0.5486111111111112,0.5034722222222222,0.8251855237398782,0.9004307565385885,0.9037498509960757,0.8809869521481519,0.847624490637978
audio,audio_ravdess,clap_general,1440,864,288,288,8,0.0667,multiclass,HuggingFace (xbgoose/ravdess),0.4826388888888889,0.6006944444444444,0.5833333333333334,0.5902777777777778,0.5520833333333334,0.8150547421740502,0.9067495556679004,0.9098705354002841,0.9023110625153414,0.8737913826238435
audio,audio_ravdess,wavlm_base_plus,1440,864,288,288,8,0.0667,multiclass,HuggingFace (xbgoose/ravdess),0.4097222222222222,0.5972222222222222,0.6180555555555556,0.5277777777777778,0.4722222222222222,0.7518870464625687,0.8967140652018043,0.9013159289879393,0.8798663929934729,0.8366619164223681
audio,audio_ravdess,whisper_large_v3_turbo,1440,864,288,288,8,0.0667,multiclass,HuggingFace (xbgoose/ravdess),0.5208333333333334,0.7048611111111112,0.7083333333333334,0.6666666666666666,0.59375,0.8336833604176752,0.9436783553450341,0.9467231464072001,0.9339846626143563,0.9082611170970575
audio,audio_urbansound8k,ast_audioset,2000,1200,400,400,10,0.042,multiclass,HuggingFace (danavery/urbansound8K),0.8675,0.9,0.9125,0.8925,0.835,0.9789279454641193,0.9910836983425326,0.9935716466222335,0.9908243495998823,0.9826842376889756
audio,audio_urbansound8k,clap_general,2000,1200,400,400,10,0.042,multiclass,HuggingFace (danavery/urbansound8K),0.89,0.88,0.8875,0.8775,0.8475,0.9804664200042466,0.9880539475568735,0.9889756241217217,0.9909597355227449,0.9849249523421021
audio,audio_urbansound8k,wavlm_base_plus,2000,1200,400,400,10,0.042,multiclass,HuggingFace (danavery/urbansound8K),0.535,0.6175,0.635,0.63,0.595,0.8502549241004568,0.9041357038466202,0.9182955943662605,0.9273722622764744,0.9057814320860771
audio,audio_urbansound8k,whisper_large_v3_turbo,2000,1200,400,400,10,0.042,multiclass,HuggingFace (danavery/urbansound8K),0.6225,0.7025,0.7025,0.6475,0.6625,0.8919570378116564,0.9457302277790577,0.9511292167784372,0.9316633831939389,0.9353502470186387
audio,audio_voxforge_lang,ast_audioset,200,120,40,40,6,0.135,multiclass,HuggingFace (DynamicSuperb/LanguageIdentification_VoxForge),0.175,0.275,0.225,0.25,0.25,0.600161044531449,0.6349207343922417,0.6194577338511161,0.5780384729649435,0.6064386114294202
audio,audio_voxforge_lang,clap_general,200,120,40,40,6,0.135,multiclass,HuggingFace (DynamicSuperb/LanguageIdentification_VoxForge),0.325,0.425,0.4,0.375,0.275,0.7154968739389695,0.7096817439096851,0.7315520687441643,0.7212914995543672,0.5907595187696292
audio,audio_voxforge_lang,wavlm_base_plus,200,120,40,40,6,0.135,multiclass,HuggingFace (DynamicSuperb/LanguageIdentification_VoxForge),0.425,0.6,0.6,0.425,0.375,0.7677212646422206,0.8607591407775231,0.8669381512074529,0.804522987225193,0.7057554006451067
audio,audio_voxforge_lang,whisper_large_v3_turbo,200,120,40,40,6,0.135,multiclass,HuggingFace (DynamicSuperb/LanguageIdentification_VoxForge),1.0,1.0,1.0,1.0,0.725,1.0,1.0,1.0,1.0,0.9430090824208471
graphs,graph_aids,pyg_gat,2000,1200,400,400,2,0.2,binary,PyG TUDataset (AIDS),0.8325,0.785,0.84,0.905,0.8675,0.78455078125,0.7522265624999999,0.8734375000000001,0.96048828125,0.9073046875
graphs,graph_aids,pyg_gcn,2000,1200,400,400,2,0.2,binary,PyG TUDataset (AIDS),0.9175,0.8325,0.885,0.86,0.9425,0.8823828125,0.8699609374999999,0.945546875,0.8222265625,0.9616015625
graphs,graph_aids,pyg_gin,2000,1200,400,400,2,0.2,binary,PyG TUDataset (AIDS),0.99,0.995,0.9925,1.0,1.0,0.9872265625000001,1.0,0.9999218750000001,1.0,1.0
graphs,graph_aids,pyg_sage,2000,1200,400,400,2,0.2,binary,PyG TUDataset (AIDS),0.9075,0.82,0.8925,0.545,0.9475,0.8770703125,0.8485546875000001,0.9461328125,0.8088671875000001,0.954765625
graphs,graph_bzr,pyg_gat,405,287,59,59,2,0.2123,,TUDataset (BZR),0.8135593220338984,0.8135593220338984,0.7457627118644068,0.8305084745762712,0.7627118644067796,0.7978723404255319,0.7730496453900709,0.7056737588652482,0.8670212765957447,0.7960992907801419
graphs,graph_bzr,pyg_gcn,405,287,59,59,2,0.2123,,TUDataset (BZR),0.8135593220338984,0.8813559322033898,0.864406779661017,0.8135593220338984,0.8305084745762712,0.8918439716312057,0.9131205673758865,0.9432624113475178,0.6879432624113475,0.8723404255319149
graphs,graph_bzr,pyg_gin,405,287,59,59,2,0.2123,,TUDataset (BZR),0.8305084745762712,0.847457627118644,0.847457627118644,0.7966101694915254,0.8135593220338984,0.8138297872340426,0.8581560283687943,0.851063829787234,0.7278368794326241,0.8324468085106383
graphs,graph_bzr,pyg_sage,405,287,59,59,2,0.2123,,TUDataset (BZR),0.8305084745762712,0.8135593220338984,0.8305084745762712,0.7796610169491526,0.847457627118644,0.8705673758865248,0.8439716312056738,0.8953900709219857,0.6391843971631206,0.8936170212765957
graphs,graph_cox2,pyg_gat,467,329,69,69,2,0.2184,,TUDataset (COX2),0.7971014492753623,0.8115942028985508,0.8115942028985508,0.8260869565217391,0.8115942028985508,0.6567901234567902,0.8135802469135802,0.762962962962963,0.7166666666666667,0.6074074074074074
graphs,graph_cox2,pyg_gcn,467,329,69,69,2,0.2184,,TUDataset (COX2),0.8405797101449275,0.8115942028985508,0.855072463768116,0.34782608695652173,0.8405797101449275,0.6771604938271605,0.7728395061728395,0.6617283950617284,0.47962962962962963,0.7814814814814814
graphs,graph_cox2,pyg_gin,467,329,69,69,2,0.2184,,TUDataset (COX2),0.7681159420289855,0.8260869565217391,0.7971014492753623,0.782608695652174,0.8260869565217391,0.6969135802469136,0.7395061728395061,0.6876543209876543,0.6814814814814815,0.8296296296296296
graphs,graph_cox2,pyg_sage,467,329,69,69,2,0.2184,,TUDataset (COX2),0.8405797101449275,0.8405797101449275,0.855072463768116,0.6521739130434783,0.8260869565217391,0.760493827160494,0.8617283950617284,0.7864197530864199,0.654320987654321,0.7641975308641975
graphs,graph_dd,pyg_gat,1178,706,236,236,2,0.4134,binary,PyG TUDataset (DD),0.6313559322033898,0.6398305084745762,0.6271186440677966,0.7542372881355932,0.690677966101695,0.6579025439442261,0.5986798190313728,0.6052807238745086,0.8098716902766447,0.768226655788771
graphs,graph_dd,pyg_gcn,1178,706,236,236,2,0.4134,binary,PyG TUDataset (DD),0.673728813559322,0.6440677966101694,0.597457627118644,0.6949152542372882,0.7245762711864406,0.6997700808425424,0.6626863457687457,0.625454275754654,0.7684862419342876,0.7685233256693614
graphs,graph_dd,pyg_gin,1178,706,236,236,2,0.4134,binary,PyG TUDataset (DD),0.7669491525423728,0.7033898305084746,0.7542372881355932,0.673728813559322,0.7457627118644068,0.8079433360528072,0.7562856930950086,0.8214047318845954,0.7194244604316546,0.7763850775050063
graphs,graph_dd,pyg_sage,1178,706,236,236,2,0.4134,binary,PyG TUDataset (DD),0.6016949152542372,0.5677966101694916,0.6313559322033898,0.6610169491525424,0.7203389830508474,0.64114069569087,0.5310390862567678,0.6105466142549877,0.7467551731810428,0.7937402655195431
graphs,graph_dhfr,pyg_gat,756,453,151,152,2,0.3902,binary,PyG TUDataset (DHFR),0.6842105263157895,0.5657894736842105,0.4934210526315789,0.6776315789473685,0.6710526315789473,0.6610169491525423,0.5567705485693457,0.49097867687260793,0.6997448514671042,0.6610169491525423
graphs,graph_dhfr,pyg_gcn,756,453,151,152,2,0.3902,binary,PyG TUDataset (DHFR),0.6776315789473685,0.6973684210526315,0.5921052631578947,0.5855263157894737,0.6776315789473685,0.6718607618006196,0.7213413522872243,0.5427373792600693,0.5161290322580645,0.7032987060324404
graphs,graph_dhfr,pyg_gin,756,453,151,152,2,0.3902,binary,PyG TUDataset (DHFR),0.6842105263157895,0.7171052631578947,0.631578947368421,0.5657894736842105,0.6644736842105263,0.6947330052852196,0.7585201385092036,0.6927282668124659,0.6005102970657918,0.7257153271368689
graphs,graph_dhfr,pyg_sage,756,453,151,152,2,0.3902,binary,PyG TUDataset (DHFR),0.6907894736842105,0.7236842105263158,0.5986842105263158,0.5328947368421053,0.6513157894736842,0.6885365409148898,0.7760160379077821,0.6333151084381264,0.5111171860761801,0.6965554948059048
graphs,graph_enzymes,pyg_gat,600,360,120,120,6,0.1667,multiclass,PyG TUDataset (ENZYMES),0.25833333333333336,0.19166666666666668,0.225,0.3,0.25,0.636875,0.5005000000000001,0.6428333333333335,0.6631666666666668,0.6340833333333333
graphs,graph_enzymes,pyg_gcn,600,360,120,120,6,0.1667,multiclass,PyG TUDataset (ENZYMES),0.375,0.225,0.21666666666666667,0.15,0.4083333333333333,0.684875,0.6046666666666667,0.5595833333333333,0.50925,0.7070833333333333
graphs,graph_enzymes,pyg_gin,600,360,120,120,6,0.1667,multiclass,PyG TUDataset (ENZYMES),0.36666666666666664,0.2916666666666667,0.26666666666666666,0.25,0.2916666666666667,0.6853333333333333,0.6360833333333334,0.6244166666666666,0.5918333333333333,0.7054999999999999
graphs,graph_enzymes,pyg_sage,600,360,120,120,6,0.1667,multiclass,PyG TUDataset (ENZYMES),0.35,0.23333333333333334,0.21666666666666667,0.15833333333333333,0.3333333333333333,0.6581666666666667,0.548,0.5875,0.50725,0.67325
graphs,graph_mutag,pyg_gat,188,134,27,27,2,0.3351,,TUDataset (MUTAG),0.6666666666666666,0.5925925925925926,0.6296296296296297,0.7407407407407407,0.7037037037037037,0.5925925925925926,0.7777777777777777,0.654320987654321,0.6697530864197531,0.6296296296296297
graphs,graph_mutag,pyg_gcn,188,134,27,27,2,0.3351,,TUDataset (MUTAG),0.7037037037037037,0.7407407407407407,0.6666666666666666,0.5555555555555556,0.6666666666666666,0.7530864197530864,0.7592592592592592,0.7407407407407407,0.5740740740740741,0.7469135802469136
graphs,graph_mutag,pyg_gin,188,134,27,27,2,0.3351,,TUDataset (MUTAG),0.8148148148148148,0.8518518518518519,0.8518518518518519,0.4074074074074074,0.8148148148148148,0.9290123456790125,0.9197530864197532,0.8888888888888888,0.882716049382716,0.8580246913580247
graphs,graph_mutag,pyg_sage,188,134,27,27,2,0.3351,,TUDataset (MUTAG),0.5925925925925926,0.7407407407407407,0.6666666666666666,0.37037037037037035,0.7037037037037037,0.654320987654321,0.7592592592592593,0.6666666666666666,0.5185185185185185,0.7469135802469136
graphs,graph_nci1,pyg_gat,4110,2466,822,822,2,0.4995,binary,PyG TUDataset (NCI1),0.6180048661800487,0.6557177615571776,0.6459854014598541,0.6849148418491484,0.6338199513381995,0.6556792820312456,0.6936556141628335,0.6828931867559391,0.7376613920116504,0.6855009146287319
graphs,graph_nci1,pyg_gcn,4110,2466,822,822,2,0.4995,binary,PyG TUDataset (NCI1),0.6970802919708029,0.7104622871046229,0.7092457420924574,0.5559610705596107,0.7335766423357665,0.7495752452329787,0.7567975562541069,0.7375222737255877,0.5755945086756531,0.8011437299092475
graphs,graph_nci1,pyg_gin,4110,2466,822,822,2,0.4995,binary,PyG TUDataset (NCI1),0.745742092457421,0.7445255474452555,0.7396593673965937,0.44282238442822386,0.7530413625304136,0.8090290727618236,0.7940575772106488,0.8077326087342604,0.44041889403922546,0.8272150887101071
graphs,graph_nci1,pyg_sage,4110,2466,822,822,2,0.4995,binary,PyG TUDataset (NCI1),0.7214111922141119,0.7141119221411192,0.7384428223844283,0.6070559610705596,0.7481751824817519,0.7662871993417041,0.7640435469835012,0.795650037591537,0.6729447493206884,0.8134838178793637
graphs,graph_proteins,pyg_gat,1113,781,166,166,2,0.4043,,TUDataset (PROTEINS),0.7469879518072289,0.7228915662650602,0.7650602409638554,0.6626506024096386,0.7349397590361446,0.8073270013568521,0.742499623096638,0.763681592039801,0.7780793004673602,0.7994120307553143
graphs,graph_proteins,pyg_gcn,1113,781,166,166,2,0.4043,,TUDataset (PROTEINS),0.7168674698795181,0.7228915662650602,0.7409638554216867,0.5963855421686747,0.6987951807228916,0.7418965777174732,0.7189808533092115,0.7379767827529021,0.6410372380521634,0.7595356550580431
graphs,graph_proteins,pyg_gin,1113,781,166,166,2,0.4043,,TUDataset (PROTEINS),0.7168674698795181,0.7469879518072289,0.7590361445783133,0.608433734939759,0.7650602409638554,0.8028795416855119,0.7963214231870949,0.8344640434192673,0.6368913010704055,0.8400422131765416
graphs,graph_proteins,pyg_sage,1113,781,166,166,2,0.4043,,TUDataset (PROTEINS),0.7289156626506024,0.7530120481927711,0.7409638554216867,0.42168674698795183,0.6927710843373494,0.7602140811096034,0.7875772651892055,0.7682798130559325,0.3892657922508669,0.7782300618121514
graphs,graph_ptc_mr,pyg_gat,344,206,69,69,2,0.4419,binary,PyG TUDataset (PTC_MR),0.5797101449275363,0.6231884057971014,0.5217391304347826,0.6231884057971014,0.6231884057971014,0.5751273344651954,0.5033955857385399,0.48132427843803055,0.6595925297113752,0.6107809847198642
graphs,graph_ptc_mr,pyg_gcn,344,206,69,69,2,0.4419,binary,PyG TUDataset (PTC_MR),0.5797101449275363,0.5217391304347826,0.5362318840579711,0.4782608695652174,0.5797101449275363,0.5857385398981323,0.532258064516129,0.5203735144312394,0.46477079796264853,0.5611205432937182
graphs,graph_ptc_mr,pyg_gin,344,206,69,69,2,0.4419,binary,PyG TUDataset (PTC_MR),0.5942028985507246,0.5507246376811594,0.5797101449275363,0.4492753623188406,0.5652173913043478,0.6494057724957555,0.5509337860780985,0.5976230899830222,0.4028013582342954,0.5611205432937182
graphs,graph_ptc_mr,pyg_sage,344,206,69,69,2,0.4419,binary,PyG TUDataset (PTC_MR),0.5942028985507246,0.5362318840579711,0.5217391304347826,0.4782608695652174,0.6231884057971014,0.5823429541595926,0.48047538200339557,0.4872665534804754,0.44100169779286924,0.6307300509337861
molecules,tdc_ames,chemberta_77m_mtr,5727,4000,727,1000,2,0.4741,,Therapeutics Data Commons (TOX),0.715,0.736,0.756,0.752,0.728,0.7806595671590517,0.7963267409334054,0.8244753071273168,0.8292192177454973,0.8079615906823052
molecules,tdc_ames,chemberta_v2,5727,4000,727,1000,2,0.4741,,Therapeutics Data Commons (TOX),0.711,0.701,0.73,0.722,0.708,0.7673316320688358,0.7506584220771785,0.789133173021871,0.7916687114557261,0.7657694132273315
molecules,tdc_ames,chemberta_zinc_base,5727,4000,727,1000,2,0.4741,,Therapeutics Data Commons (TOX),0.691,0.667,0.703,0.688,0.702,0.7476075968003141,0.7041149335034598,0.7586576368781797,0.7679348448414062,0.760825113281314
molecules,tdc_ames,pubchem10m_bpe,5727,4000,727,1000,2,0.4741,,Therapeutics Data Commons (TOX),0.758,0.743,0.776,0.773,0.749,0.8080065760416155,0.7960363808869477,0.83423304051954,0.8418253422976887,0.8210400615072551
molecules,tdc_ames,smiles_bert,5727,4000,727,1000,2,0.4741,,Therapeutics Data Commons (TOX),0.675,0.645,0.658,0.681,0.679,0.7261291325186894,0.69066431106967,0.7261700282998806,0.7532921103858925,0.7436325268685284
molecules,tdc_b3db_classification,chemberta_77m_mtr,5616,4000,616,1000,2,0.3504,,Therapeutics Data Commons (ADME),0.866,0.825,0.87,0.831,0.849,0.8823611274914493,0.8798301686519636,0.9171836301450643,0.9177803986319142,0.9003231513150135
molecules,tdc_b3db_classification,chemberta_v2,5616,4000,616,1000,2,0.3504,,Therapeutics Data Commons (ADME),0.872,0.82,0.835,0.845,0.856,0.9147257931359829,0.8758815898101192,0.8952329284113691,0.9264984078311123,0.9126595117348744
molecules,tdc_b3db_classification,chemberta_zinc_base,5616,4000,616,1000,2,0.3504,,Therapeutics Data Commons (ADME),0.85,0.827,0.856,0.852,0.857,0.9011015449935134,0.8802877697841727,0.9027998584738764,0.9232881235994811,0.9098525769548296
molecules,tdc_b3db_classification,pubchem10m_bpe,5616,4000,616,1000,2,0.3504,,Therapeutics Data Commons (ADME),0.886,0.833,0.866,0.856,0.873,0.9024318905531313,0.8862413020403349,0.9057011440028304,0.9356032551008373,0.918471517867673
molecules,tdc_b3db_classification,smiles_bert,5616,4000,616,1000,2,0.3504,,Therapeutics Data Commons (ADME),0.865,0.837,0.838,0.863,0.88,0.9232786885245902,0.8858214412076896,0.9018138931477768,0.9255643354169124,0.9271517867673074
molecules,tdc_bbb_martins,chemberta_77m_mtr,2030,1421,203,406,2,0.236,,Therapeutics Data Commons (ADME),0.896551724137931,0.8448275862068966,0.854679802955665,0.8842364532019704,0.8694581280788177,0.8773061288305191,0.8565118824265167,0.8971622889305815,0.9144973420888056,0.8874687304565354
molecules,tdc_bbb_martins,chemberta_v2,2030,1421,203,406,2,0.236,,Therapeutics Data Commons (ADME),0.8448275862068966,0.8669950738916257,0.8817733990147784,0.8793103448275862,0.8866995073891626,0.8398999374609131,0.877775171982489,0.879416823014384,0.894543464665416,0.8678470919324578
molecules,tdc_bbb_martins,chemberta_zinc_base,2030,1421,203,406,2,0.236,,Therapeutics Data Commons (ADME),0.8571428571428571,0.8374384236453202,0.8669950738916257,0.8694581280788177,0.874384236453202,0.8226235146966854,0.8135944340212633,0.8789086929330833,0.8499843652282676,0.8494762351469669
molecules,tdc_bbb_martins,pubchem10m_bpe,2030,1421,203,406,2,0.236,,Therapeutics Data Commons (ADME),0.8645320197044335,0.8571428571428571,0.8817733990147784,0.8768472906403941,0.8916256157635468,0.8697037210756724,0.867104440275172,0.9013836772983115,0.9085365853658536,0.8628830519074422
molecules,tdc_bbb_martins,smiles_bert,2030,1421,203,406,2,0.236,,Therapeutics Data Commons (ADME),0.8078817733990148,0.8152709359605911,0.8793103448275862,0.8866995073891626,0.8793103448275862,0.8526227329580987,0.847795497185741,0.8813711694809255,0.8958724202626641,0.8898139462163851
molecules,tdc_bioavailability_ma,chemberta_77m_mtr,640,448,64,128,2,0.2313,,Therapeutics Data Commons (ADME),0.734375,0.7421875,0.75,0.6953125,0.765625,0.6873960758230795,0.69271699368141,0.701696042567343,0.6388427003658131,0.6814100432324577
molecules,tdc_bioavailability_ma,chemberta_v2,640,448,64,128,2,0.2313,,Therapeutics Data Commons (ADME),0.71875,0.6640625,0.7734375,0.71875,0.734375,0.6697705354173594,0.6129032258064516,0.6152311273694713,0.6514798802793482,0.6704356501496509
molecules,tdc_bioavailability_ma,chemberta_zinc_base,640,448,64,128,2,0.2313,,Therapeutics Data Commons (ADME),0.6875,0.6953125,0.7265625,0.703125,0.703125,0.5989358164283339,0.6854007316262055,0.6617891586298636,0.6483205853009645,0.6491519787163286
molecules,tdc_bioavailability_ma,pubchem10m_bpe,640,448,64,128,2,0.2313,,Therapeutics Data Commons (ADME),0.71875,0.6953125,0.7734375,0.7890625,0.796875,0.694712337878284,0.6268706351845692,0.6953774526105753,0.6779181908879282,0.6348520119720652
molecules,tdc_bioavailability_ma,smiles_bert,640,448,64,128,2,0.2313,,Therapeutics Data Commons (ADME),0.703125,0.6875,0.7578125,0.7421875,0.7109375,0.6865646824077154,0.6321915530428999,0.6933821084137014,0.5961090788160958,0.6185567010309279
molecules,tdc_carcinogens_lagunin,chemberta_77m_mtr,280,196,28,56,2,0.2143,,Therapeutics Data Commons (TOX),0.8392857142857143,0.8392857142857143,0.8571428571428571,0.8571428571428571,0.8571428571428571,0.7838383838383839,0.8454545454545455,0.7929292929292929,0.8181818181818181,0.8272727272727273
molecules,tdc_carcinogens_lagunin,chemberta_v2,280,196,28,56,2,0.2143,,Therapeutics Data Commons (TOX),0.8392857142857143,0.875,0.8571428571428571,0.8214285714285714,0.8214285714285714,0.6919191919191919,0.8292929292929293,0.8313131313131313,0.8242424242424242,0.8373737373737374
molecules,tdc_carcinogens_lagunin,chemberta_zinc_base,280,196,28,56,2,0.2143,,Therapeutics Data Commons (TOX),0.8214285714285714,0.8214285714285714,0.8571428571428571,0.8571428571428571,0.8392857142857143,0.6848484848484848,0.7565656565656566,0.7525252525252525,0.7929292929292929,0.704040404040404
molecules,tdc_carcinogens_lagunin,pubchem10m_bpe,280,196,28,56,2,0.2143,,Therapeutics Data Commons (TOX),0.8392857142857143,0.8392857142857143,0.8392857142857143,0.8392857142857143,0.8392857142857143,0.7575757575757576,0.7464646464646465,0.8373737373737373,0.8343434343434343,0.7646464646464646
molecules,tdc_carcinogens_lagunin,smiles_bert,280,196,28,56,2,0.2143,,Therapeutics Data Commons (TOX),0.8035714285714286,0.875,0.8392857142857143,0.8392857142857143,0.8392857142857143,0.7757575757575758,0.8151515151515152,0.794949494949495,0.8424242424242424,0.7949494949494951
molecules,tdc_cav3_t-type_calcium_channels_butkiewicz,chemberta_77m_mtr,6000,4000,1000,1000,2,0.0077,,Therapeutics Data Commons (HTS),0.995,0.987,0.995,0.995,0.995,0.48391959798994977,0.7796984924623116,0.8393969849246231,0.8401005025125629,0.7917587939698492
molecules,tdc_cav3_t-type_calcium_channels_butkiewicz,chemberta_v2,6000,4000,1000,1000,2,0.0077,,Therapeutics Data Commons (HTS),0.995,0.993,0.995,0.995,0.995,0.4904522613065327,0.8763819095477386,0.8030150753768844,0.852964824120603,0.8707537688442211
molecules,tdc_cav3_t-type_calcium_channels_butkiewicz,chemberta_zinc_base,6000,4000,1000,1000,2,0.0077,,Therapeutics Data Commons (HTS),0.995,0.993,0.995,0.995,0.995,0.4879396984924623,0.5579899497487437,0.6852261306532663,0.6381909547738694,0.5873366834170854
molecules,tdc_cav3_t-type_calcium_channels_butkiewicz,pubchem10m_bpe,6000,4000,1000,1000,2,0.0077,,Therapeutics Data Commons (HTS),0.994,0.987,0.995,0.995,0.995,0.492964824120603,0.7819095477386935,0.890854271356784,0.9318592964824121,0.8785929648241207
molecules,tdc_cav3_t-type_calcium_channels_butkiewicz,smiles_bert,6000,4000,1000,1000,2,0.0077,,Therapeutics Data Commons (HTS),0.995,0.994,0.995,0.995,0.995,0.4879396984924623,0.6076381909547739,0.6339698492462311,0.6484422110552763,0.6406030150753769
molecules,tdc_clintox,chemberta_77m_mtr,1478,1034,147,297,2,0.0758,,Therapeutics Data Commons (TOX),0.9090909090909091,0.9023569023569024,0.9158249158249159,0.9191919191919192,0.9158249158249159,0.5552503052503052,0.7754120879120879,0.6784951159951159,0.7027625152625153,0.6690323565323565
molecules,tdc_clintox,chemberta_v2,1478,1034,147,297,2,0.0758,,Therapeutics Data Commons (TOX),0.9191919191919192,0.9023569023569024,0.9158249158249159,0.9191919191919192,0.9124579124579124,0.5824175824175825,0.7415293040293041,0.6725427350427351,0.7157356532356531,0.725503663003663
molecules,tdc_clintox,chemberta_zinc_base,1478,1034,147,297,2,0.0758,,Therapeutics Data Commons (TOX),0.9225589225589226,0.8653198653198653,0.9259259259259259,0.9124579124579124,0.9158249158249159,0.6134004884004884,0.7349664224664225,0.7302350427350427,0.6662851037851037,0.6981837606837606
molecules,tdc_clintox,pubchem10m_bpe,1478,1034,147,297,2,0.0758,,Therapeutics Data Commons (TOX),0.9158249158249159,0.8888888888888888,0.9191919191919192,0.9225589225589226,0.9158249158249159,0.664072039072039,0.6969627594627594,0.6711691086691086,0.6192765567765567,0.6411782661782662
molecules,tdc_clintox,smiles_bert,1478,1034,147,297,2,0.0758,,Therapeutics Data Commons (TOX),0.9057239057239057,0.9023569023569024,0.9124579124579124,0.9057239057239057,0.9225589225589226,0.6663614163614164,0.7894536019536019,0.8280677655677656,0.8489010989010989,0.7845695970695971
molecules,tdc_cyp1a2_veith,chemberta_77m_mtr,6000,4000,1000,1000,2,0.464,,Therapeutics Data Commons (ADME),0.756,0.821,0.808,0.81,0.795,0.8312399246372869,0.8891040077442788,0.8988323579648868,0.9013384481841346,0.8893120152325484
molecules,tdc_cyp1a2_veith,chemberta_v2,6000,4000,1000,1000,2,0.464,,Therapeutics Data Commons (ADME),0.793,0.805,0.802,0.812,0.817,0.8654751571056558,0.878031609137929,0.8941561896228264,0.8995523838858199,0.8997963926701362
molecules,tdc_cyp1a2_veith,chemberta_zinc_base,6000,4000,1000,1000,2,0.464,,Therapeutics Data Commons (ADME),0.777,0.775,0.792,0.801,0.81,0.8678112412046834,0.8607109855954814,0.8828277818001448,0.8903920541139483,0.8929441459892556
molecules,tdc_cyp1a2_veith,pubchem10m_bpe,6000,4000,1000,1000,2,0.464,,Therapeutics Data Commons (ADME),0.787,0.821,0.827,0.825,0.816,0.8634390838070171,0.8890600061602217,0.9012804460960595,0.9112108035889293,0.9011964430719507
molecules,tdc_cyp1a2_veith,smiles_bert,6000,4000,1000,1000,2,0.464,,Therapeutics Data Commons (ADME),0.77,0.748,0.786,0.777,0.782,0.837604153749535,0.8344540403454525,0.8746194863015069,0.8659411738822598,0.8638510986395509
molecules,tdc_cyp2c19_veith,chemberta_77m_mtr,6000,4000,1000,1000,2,0.4512,,Therapeutics Data Commons (ADME),0.737,0.785,0.806,0.801,0.781,0.7983336735633287,0.866687881007561,0.8714070711801176,0.8776032598036272,0.8584102853528985
molecules,tdc_cyp2c19_veith,chemberta_v2,6000,4000,1000,1000,2,0.4512,,Therapeutics Data Commons (ADME),0.724,0.741,0.774,0.769,0.771,0.7928199462836878,0.8147027390515988,0.8577638483614924,0.833521460507303,0.8459598688713571
molecules,tdc_cyp2c19_veith,chemberta_zinc_base,6000,4000,1000,1000,2,0.4512,,Therapeutics Data Commons (ADME),0.707,0.733,0.745,0.751,0.75,0.7792948032870219,0.807529890205779,0.8273632975891704,0.8178348563629013,0.8309977544820298
molecules,tdc_cyp2c19_veith,pubchem10m_bpe,6000,4000,1000,1000,2,0.4512,,Therapeutics Data Commons (ADME),0.75,0.803,0.791,0.8,0.773,0.825506042084449,0.8660754670157026,0.8665998214793199,0.8771909811032257,0.8502167465206479
molecules,tdc_cyp2c19_veith,smiles_bert,6000,4000,1000,1000,2,0.4512,,Therapeutics Data Commons (ADME),0.722,0.734,0.745,0.758,0.757,0.7880287074062067,0.7970067765809687,0.8213392253163138,0.8232084889385224,0.8287202148652489
molecules,tdc_cyp2c9_substrate_carbonmangels,chemberta_77m_mtr,669,468,66,135,2,0.2108,,Therapeutics Data Commons (ADME),0.6962962962962963,0.6592592592592592,0.725925925925926,0.725925925925926,0.7037037037037037,0.6079761258817146,0.5729788388497016,0.582202930005426,0.6512479652740099,0.5973955507325013
molecules,tdc_cyp2c9_substrate_carbonmangels,chemberta_v2,669,468,66,135,2,0.2108,,Therapeutics Data Commons (ADME),0.6592592592592592,0.6592592592592592,0.6888888888888889,0.725925925925926,0.7111111111111111,0.6540965816603364,0.5911557243624525,0.6462289744981009,0.5885784047748236,0.5949538795442213
molecules,tdc_cyp2c9_substrate_carbonmangels,chemberta_zinc_base,669,468,66,135,2,0.2108,,Therapeutics Data Commons (ADME),0.6814814814814815,0.6592592592592592,0.7111111111111111,0.7185185185185186,0.6888888888888889,0.5860010851871948,0.532555615843733,0.584644601193706,0.6034997287032013,0.6427021161150299
molecules,tdc_cyp2c9_substrate_carbonmangels,pubchem10m_bpe,669,468,66,135,2,0.2108,,Therapeutics Data Commons (ADME),0.6888888888888889,0.6518518518518519,0.7333333333333333,0.7333333333333333,0.7481481481481481,0.6710526315789475,0.5746066196418883,0.6592512208355942,0.6710526315789473,0.6275094953879544
molecules,tdc_cyp2c9_substrate_carbonmangels,smiles_bert,669,468,66,135,2,0.2108,,Therapeutics Data Commons (ADME),0.7333333333333333,0.6518518518518519,0.7111111111111111,0.7111111111111111,0.7111111111111111,0.6901790558871406,0.5561584373304396,0.6218122626153011,0.6075691806836679,0.5946825827455237
molecules,tdc_cyp2c9_veith,chemberta_77m_mtr,6000,4000,1000,1000,2,0.345,,Therapeutics Data Commons (ADME),0.741,0.777,0.784,0.795,0.781,0.7954898569095815,0.8488637714074445,0.8528206550204886,0.8685205480657925,0.8500653612031743
molecules,tdc_cyp2c9_veith,chemberta_v2,6000,4000,1000,1000,2,0.345,,Therapeutics Data Commons (ADME),0.736,0.748,0.752,0.795,0.772,0.7729655500244279,0.8160599298412404,0.8292554104551517,0.8445437699989877,0.84074753850149
molecules,tdc_cyp2c9_veith,chemberta_zinc_base,6000,4000,1000,1000,2,0.345,,Therapeutics Data Commons (ADME),0.71,0.737,0.764,0.766,0.767,0.7517594707723185,0.802120607925211,0.826896245141924,0.8257320674826913,0.8287140348328998
molecules,tdc_cyp2c9_veith,pubchem10m_bpe,6000,4000,1000,1000,2,0.345,,Therapeutics Data Commons (ADME),0.742,0.774,0.793,0.785,0.793,0.7921645781891645,0.8302765417101308,0.8547484804070441,0.848672309297136,0.8592555424979864
molecules,tdc_cyp2c9_veith,smiles_bert,6000,4000,1000,1000,2,0.345,,Therapeutics Data Commons (ADME),0.72,0.737,0.744,0.744,0.751,0.7643805650553039,0.7847701794462124,0.8155097513633423,0.8188108222307316,0.8098407123270789
molecules,tdc_cyp2d6_substrate_carbonmangels,chemberta_77m_mtr,667,466,66,135,2,0.2864,,Therapeutics Data Commons (ADME),0.7407407407407407,0.6962962962962963,0.7555555555555555,0.7333333333333333,0.7333333333333333,0.7110717896865522,0.7263650151668353,0.785262891809909,0.7960060667340748,0.7872851365015168
molecules,tdc_cyp2d6_substrate_carbonmangels,chemberta_v2,667,466,66,135,2,0.2864,,Therapeutics Data Commons (ADME),0.7481481481481481,0.6666666666666666,0.6814814814814815,0.7333333333333333,0.6888888888888889,0.7891809908998988,0.6783367037411527,0.7625126390293226,0.7712335692618808,0.7513902932254802
molecules,tdc_cyp2d6_substrate_carbonmangels,chemberta_zinc_base,667,466,66,135,2,0.2864,,Therapeutics Data Commons (ADME),0.6962962962962963,0.6888888888888889,0.6888888888888889,0.725925925925926,0.7333333333333333,0.7137259858442871,0.637891809908999,0.7273761375126391,0.7512639029322549,0.7149898887765419
molecules,tdc_cyp2d6_substrate_carbonmangels,pubchem10m_bpe,667,466,66,135,2,0.2864,,Therapeutics Data Commons (ADME),0.762962962962963,0.7407407407407407,0.7703703703703704,0.7703703703703704,0.7703703703703704,0.7501263902932255,0.7175176946410514,0.8178715874620829,0.8239383215369059,0.8054853387259859
molecules,tdc_cyp2d6_substrate_carbonmangels,smiles_bert,667,466,66,135,2,0.2864,,Therapeutics Data Commons (ADME),0.762962962962963,0.7037037037037037,0.725925925925926,0.7333333333333333,0.7111111111111111,0.7553083923154702,0.7058897876643074,0.7827350859453993,0.7853892821031345,0.753412537917088
molecules,tdc_cyp2d6_veith,chemberta_77m_mtr,6000,4000,1000,1000,2,0.1928,,Therapeutics Data Commons (ADME),0.842,0.871,0.867,0.89,0.881,0.7537447931857104,0.821524988969406,0.8189599084647656,0.833086547162333,0.8302148535361467
molecules,tdc_cyp2d6_veith,chemberta_v2,6000,4000,1000,1000,2,0.1928,,Therapeutics Data Commons (ADME),0.835,0.815,0.855,0.856,0.864,0.7165997352657437,0.7398948541344161,0.8148505447991684,0.8109767497513443,0.8172211877145357
molecules,tdc_cyp2d6_veith,chemberta_zinc_base,6000,4000,1000,1000,2,0.1928,,Therapeutics Data Commons (ADME),0.845,0.819,0.863,0.86,0.847,0.7125240242598284,0.7446211832275145,0.7906505433034947,0.7943897277125913,0.7842789730703938
molecules,tdc_cyp2d6_veith,pubchem10m_bpe,6000,4000,1000,1000,2,0.1928,,Therapeutics Data Commons (ADME),0.863,0.866,0.871,0.878,0.863,0.741708358572828,0.8030085477755591,0.8214726403876786,0.8388710654432056,0.8325929748203321
molecules,tdc_cyp2d6_veith,smiles_bert,6000,4000,1000,1000,2,0.1928,,Therapeutics Data Commons (ADME),0.82,0.808,0.855,0.828,0.853,0.705584097996545,0.7212213671953873,0.7671834219520038,0.7488015913968845,0.7492951637388854
molecules,tdc_cyp3a4_substrate_carbonmangels,chemberta_77m_mtr,670,468,67,135,2,0.4701,,Therapeutics Data Commons (ADME),0.6148148148148148,0.5777777777777777,0.5851851851851851,0.5481481481481482,0.6444444444444445,0.6404837251356239,0.6080470162748643,0.582391500904159,0.6058996383363472,0.6445524412296564
molecules,tdc_cyp3a4_substrate_carbonmangels,chemberta_v2,670,468,67,135,2,0.4701,,Therapeutics Data Commons (ADME),0.5851851851851851,0.6222222222222222,0.6296296296296297,0.6592592592592592,0.6518518518518519,0.6424050632911393,0.6139240506329114,0.648508137432188,0.6155063291139242,0.639014466546112
molecules,tdc_cyp3a4_substrate_carbonmangels,chemberta_zinc_base,670,468,67,135,2,0.4701,,Therapeutics Data Commons (ADME),0.6296296296296297,0.6148148148148148,0.6518518518518519,0.6148148148148148,0.6444444444444445,0.6592450271247738,0.6329113924050633,0.6109855334538878,0.6170886075949367,0.648508137432188
molecules,tdc_cyp3a4_substrate_carbonmangels,pubchem10m_bpe,670,468,67,135,2,0.4701,,Therapeutics Data Commons (ADME),0.5925925925925926,0.562962962962963,0.5851851851851851,0.5925925925925926,0.6222222222222222,0.6517857142857143,0.588381555153707,0.6135849909584088,0.6400316455696202,0.6212703435804702
molecules,tdc_cyp3a4_substrate_carbonmangels,smiles_bert,670,468,67,135,2,0.4701,,Therapeutics Data Commons (ADME),0.6074074074074074,0.562962962962963,0.6222222222222222,0.6074074074074074,0.6296296296296297,0.6386754068716094,0.5901898734177216,0.6442133815551537,0.6373191681735985,0.6347197106690778
molecules,tdc_cyp3a4_veith,chemberta_77m_mtr,6000,4000,1000,1000,2,0.4078,,Therapeutics Data Commons (ADME),0.71,0.793,0.772,0.775,0.766,0.7864895330112721,0.8613365539452496,0.8449838969404186,0.8575603864734299,0.8354106280193236
molecules,tdc_cyp3a4_veith,chemberta_v2,6000,4000,1000,1000,2,0.4078,,Therapeutics Data Commons (ADME),0.723,0.724,0.759,0.739,0.741,0.8044806763285025,0.8154750402576489,0.8456884057971015,0.8294967793880837,0.8348470209339773
molecules,tdc_cyp3a4_veith,chemberta_zinc_base,6000,4000,1000,1000,2,0.4078,,Therapeutics Data Commons (ADME),0.701,0.726,0.736,0.733,0.747,0.7752395330112721,0.8096980676328502,0.8265942028985507,0.8128582930756845,0.8252254428341383
molecules,tdc_cyp3a4_veith,pubchem10m_bpe,6000,4000,1000,1000,2,0.4078,,Therapeutics Data Commons (ADME),0.734,0.765,0.805,0.79,0.786,0.8230797101449276,0.8493438003220612,0.8780273752012882,0.8769243156199678,0.8674154589371981
molecules,tdc_cyp3a4_veith,smiles_bert,6000,4000,1000,1000,2,0.4078,,Therapeutics Data Commons (ADME),0.7,0.723,0.737,0.722,0.701,0.7605515297906602,0.7743156199677939,0.8244041867954911,0.792950885668277,0.8011916264090176
molecules,tdc_dili,chemberta_77m_mtr,475,332,47,96,2,0.4968,,Therapeutics Data Commons (TOX),0.6354166666666666,0.6354166666666666,0.7395833333333334,0.7708333333333334,0.75,0.7195652173913044,0.7660869565217392,0.7834782608695652,0.8554347826086955,0.7513043478260869
molecules,tdc_dili,chemberta_v2,475,332,47,96,2,0.4968,,Therapeutics Data Commons (TOX),0.7708333333333334,0.6666666666666666,0.75,0.78125,0.78125,0.8665217391304347,0.7273913043478261,0.8126086956521739,0.848695652173913,0.8352173913043478
molecules,tdc_dili,chemberta_zinc_base,475,332,47,96,2,0.4968,,Therapeutics Data Commons (TOX),0.78125,0.7291666666666666,0.75,0.8020833333333334,0.8020833333333334,0.8571739130434783,0.7852173913043478,0.8352173913043477,0.865,0.8421739130434782
molecules,tdc_dili,pubchem10m_bpe,475,332,47,96,2,0.4968,,Therapeutics Data Commons (TOX),0.78125,0.7291666666666666,0.78125,0.8854166666666666,0.8645833333333334,0.8869565217391305,0.8091304347826087,0.8869565217391304,0.9228260869565217,0.9065217391304348
molecules,tdc_dili,smiles_bert,475,332,47,96,2,0.4968,,Therapeutics Data Commons (TOX),0.625,0.6666666666666666,0.6666666666666666,0.78125,0.71875,0.7291304347826086,0.726086956521739,0.7982608695652175,0.857391304347826,0.7717391304347826
molecules,tdc_herg,chemberta_77m_mtr,655,458,65,132,2,0.3115,,Therapeutics Data Commons (TOX),0.7651515151515151,0.7878787878787878,0.803030303030303,0.7727272727272727,0.7727272727272727,0.7746686303387335,0.7256259204712813,0.8346097201767304,0.791899852724595,0.8020618556701032
molecules,tdc_herg,chemberta_v2,655,458,65,132,2,0.3115,,Therapeutics Data Commons (TOX),0.803030303030303,0.8257575757575758,0.803030303030303,0.803030303030303,0.8181818181818182,0.762739322533137,0.789101620029455,0.7624447717231222,0.8001472754050074,0.8410898379970545
molecules,tdc_herg,chemberta_zinc_base,655,458,65,132,2,0.3115,,Therapeutics Data Commons (TOX),0.7954545454545454,0.7727272727272727,0.7954545454545454,0.803030303030303,0.7803030303030303,0.7256259204712813,0.7808541973490427,0.7783505154639175,0.8390279823269514,0.795139911634757
molecules,tdc_herg,pubchem10m_bpe,655,458,65,132,2,0.3115,,Therapeutics Data Commons (TOX),0.8106060606060606,0.75,0.7954545454545454,0.7803030303030303,0.7878787878787878,0.711340206185567,0.7653902798232696,0.7552282768777614,0.7693667157584683,0.7460972017673049
molecules,tdc_herg,smiles_bert,655,458,65,132,2,0.3115,,Therapeutics Data Commons (TOX),0.7196969696969697,0.7575757575757576,0.7575757575757576,0.7575757575757576,0.7348484848484849,0.6500736377025037,0.7681885125184095,0.6877761413843888,0.7085419734904271,0.7382916053019146
molecules,tdc_hia_hou,chemberta_77m_mtr,578,404,57,117,2,0.1349,,Therapeutics Data Commons (ADME),0.8888888888888888,0.8888888888888888,0.9230769230769231,0.8974358974358975,0.8632478632478633,0.9193415637860083,0.9456790123456791,0.9432098765432099,0.9615226337448559,0.9477366255144033
molecules,tdc_hia_hou,chemberta_v2,578,404,57,117,2,0.1349,,Therapeutics Data Commons (ADME),0.8888888888888888,0.9145299145299145,0.9487179487179487,0.8974358974358975,0.8632478632478633,0.9532921810699588,0.9539094650205762,0.9551440329218106,0.9522633744855967,0.937037037037037
molecules,tdc_hia_hou,chemberta_zinc_base,578,404,57,117,2,0.1349,,Therapeutics Data Commons (ADME),0.8974358974358975,0.8974358974358975,0.8974358974358975,0.8717948717948718,0.8632478632478633,0.9030864197530865,0.91440329218107,0.928395061728395,0.9275720164609054,0.8748971193415638
molecules,tdc_hia_hou,pubchem10m_bpe,578,404,57,117,2,0.1349,,Therapeutics Data Commons (ADME),0.8803418803418803,0.9145299145299145,0.9316239316239316,0.9401709401709402,0.9145299145299145,0.946090534979424,0.9683127572016461,0.9761316872427983,0.9691358024691358,0.9604938271604939
molecules,tdc_hia_hou,smiles_bert,578,404,57,117,2,0.1349,,Therapeutics Data Commons (ADME),0.9316239316239316,0.9572649572649573,0.9487179487179487,0.9487179487179487,0.9230769230769231,0.9728395061728394,0.9728395061728395,0.9827160493827161,0.9748971193415638,0.9843621399176955
molecules,tdc_hiv,chemberta_77m_mtr,6000,4000,1000,1000,2,0.0208,,Therapeutics Data Commons (HTS),0.978,0.955,0.982,0.982,0.983,0.5158806802940071,0.7710714094103761,0.5872096142496915,0.610306346907023,0.5624765277107141
molecules,tdc_hiv,chemberta_v2,6000,4000,1000,1000,2,0.0208,,Therapeutics Data Commons (HTS),0.98,0.974,0.982,0.982,0.982,0.6278770320296153,0.6853908471484521,0.6890927624872578,0.7375663930468372,0.6434894575889265
molecules,tdc_hiv,chemberta_zinc_base,6000,4000,1000,1000,2,0.0208,,Therapeutics Data Commons (HTS),0.98,0.969,0.981,0.981,0.982,0.6983207253608026,0.6883953001770482,0.5895702559150169,0.6553463168624928,0.6751971672300016
molecules,tdc_hiv,pubchem10m_bpe,6000,4000,1000,1000,2,0.0208,,Therapeutics Data Commons (HTS),0.977,0.958,0.982,0.982,0.983,0.6381243628950051,0.7542786630184023,0.5909115295884972,0.6393851601480767,0.7105531412629434
molecules,tdc_hiv,smiles_bert,6000,4000,1000,1000,2,0.0208,,Therapeutics Data Commons (HTS),0.978,0.975,0.981,0.982,0.981,0.6203390739846558,0.5339342239390525,0.6644669778421589,0.5766940286496056,0.6285208433928858
molecules,tdc_kcnq2_potassium_channel_butkiewicz,chemberta_77m_mtr,6000,4000,1000,1000,2,0.0003,,Therapeutics Data Commons (HTS),,,,,,,,,,
molecules,tdc_kcnq2_potassium_channel_butkiewicz,chemberta_v2,6000,4000,1000,1000,2,0.0003,,Therapeutics Data Commons (HTS),,,,,,,,,,
molecules,tdc_kcnq2_potassium_channel_butkiewicz,chemberta_zinc_base,6000,4000,1000,1000,2,0.0003,,Therapeutics Data Commons (HTS),,,,,,,,,,
molecules,tdc_kcnq2_potassium_channel_butkiewicz,pubchem10m_bpe,6000,4000,1000,1000,2,0.0003,,Therapeutics Data Commons (HTS),,,,,,,,,,
molecules,tdc_kcnq2_potassium_channel_butkiewicz,smiles_bert,6000,4000,1000,1000,2,0.0003,,Therapeutics Data Commons (HTS),,,,,,,,,,
molecules,tdc_pampa_ncats,chemberta_77m_mtr,2034,1423,203,408,2,0.145,,Therapeutics Data Commons (ADME),0.8627450980392157,0.8382352941176471,0.8529411764705882,0.8676470588235294,0.8676470588235294,0.6528199845480299,0.7025495750708216,0.7181045583311872,0.7575585887200619,0.7317537986093227
molecules,tdc_pampa_ncats,chemberta_v2,2034,1423,203,408,2,0.145,,Therapeutics Data Commons (ADME),0.8357843137254902,0.8235294117647058,0.8578431372549019,0.8357843137254902,0.8651960784313726,0.6643059490084986,0.6764357455575586,0.6312129796549061,0.6628895184135978,0.6355910378573268
molecules,tdc_pampa_ncats,chemberta_zinc_base,2034,1423,203,408,2,0.145,,Therapeutics Data Commons (ADME),0.8627450980392157,0.8137254901960784,0.8578431372549019,0.8651960784313726,0.8700980392156863,0.6706155034766933,0.6263713623486995,0.6548029873808912,0.6957764614988412,0.6940509915014165
molecules,tdc_pampa_ncats,pubchem10m_bpe,2034,1423,203,408,2,0.145,,Therapeutics Data Commons (ADME),0.8308823529411765,0.8480392156862745,0.8553921568627451,0.8602941176470589,0.8578431372549019,0.6659541591552923,0.7057944887973217,0.7331959824877673,0.75148081380376,0.7002832861189803
molecules,tdc_pampa_ncats,smiles_bert,2034,1423,203,408,2,0.145,,Therapeutics Data Commons (ADME),0.8627450980392157,0.8284313725490197,0.8651960784313726,0.8725490196078431,0.8529411764705882,0.6524336852948751,0.670048931238733,0.7229461756373938,0.7321658511460212,0.716198815348957
molecules,tdc_pgp_broccatelli,chemberta_77m_mtr,1218,852,121,245,2,0.4663,,Therapeutics Data Commons (ADME),0.8530612244897959,0.7551020408163265,0.8489795918367347,0.8489795918367347,0.8163265306122449,0.9051252999200214,0.8381764862703279,0.9232204745401227,0.9360170621167689,0.9131564916022396
molecules,tdc_pgp_broccatelli,chemberta_v2,1218,852,121,245,2,0.4663,,Therapeutics Data Commons (ADME),0.8,0.746938775510204,0.7673469387755102,0.8163265306122449,0.8244897959183674,0.8735670487869901,0.8545054652092775,0.8802319381498266,0.8942615302585977,0.8946947480671821
molecules,tdc_pgp_broccatelli,chemberta_zinc_base,1218,852,121,245,2,0.4663,,Therapeutics Data Commons (ADME),0.7877551020408163,0.8244897959183674,0.8,0.7551020408163265,0.7795918367346939,0.8826312983204478,0.8750333244468143,0.8855638496400959,0.8857304718741669,0.8877632631298321
molecules,tdc_pgp_broccatelli,pubchem10m_bpe,1218,852,121,245,2,0.4663,,Therapeutics Data Commons (ADME),0.8775510204081632,0.8285714285714286,0.8734693877551021,0.8857142857142857,0.8367346938775511,0.9284857371367636,0.899226872833911,0.9291522260730471,0.9418155158624367,0.9210877099440149
molecules,tdc_pgp_broccatelli,smiles_bert,1218,852,121,245,2,0.4663,,Therapeutics Data Commons (ADME),0.8571428571428571,0.7142857142857143,0.7714285714285715,0.7836734693877551,0.7836734693877551,0.8790989069581445,0.817981871500933,0.8603705678485737,0.8793655025326581,0.8693015195947748
molecules,tdc_sarscov2_3clpro_diamond,chemberta_77m_mtr,880,616,88,176,2,0.0886,,Therapeutics Data Commons (HTS),0.8636363636363636,0.8579545454545454,0.8863636363636364,0.8920454545454546,0.8806818181818182,0.6772657450076804,0.7637480798771121,0.6187403993855606,0.6708141321044546,0.7041474654377882
molecules,tdc_sarscov2_3clpro_diamond,chemberta_v2,880,616,88,176,2,0.0886,,Therapeutics Data Commons (HTS),0.8806818181818182,0.8522727272727273,0.8806818181818182,0.8863636363636364,0.8863636363636364,0.7013824884792625,0.6961597542242703,0.7274961597542243,0.7142857142857143,0.6715821812596007
molecules,tdc_sarscov2_3clpro_diamond,chemberta_zinc_base,880,616,88,176,2,0.0886,,Therapeutics Data Commons (HTS),0.8352272727272727,0.875,0.8920454545454546,0.8863636363636364,0.8806818181818182,0.64715821812596,0.6725038402457756,0.6890937019969278,0.6391705069124423,0.6030721966205836
molecules,tdc_sarscov2_3clpro_diamond,pubchem10m_bpe,880,616,88,176,2,0.0886,,Therapeutics Data Commons (HTS),0.8693181818181818,0.8579545454545454,0.8863636363636364,0.8977272727272727,0.8977272727272727,0.6694316436251919,0.7637480798771121,0.717357910906298,0.7110599078341014,0.7271889400921658
molecules,tdc_sarscov2_3clpro_diamond,smiles_bert,880,616,88,176,2,0.0886,,Therapeutics Data Commons (HTS),0.8636363636363636,0.8806818181818182,0.8863636363636364,0.8863636363636364,0.875,0.7285714285714286,0.7394777265745007,0.7474654377880184,0.7254992319508449,0.7539170506912442
molecules,tdc_skin_reaction,chemberta_77m_mtr,404,282,40,82,2,0.3218,,Therapeutics Data Commons (TOX),0.5365853658536586,0.5365853658536586,0.6463414634146342,0.6097560975609756,0.5975609756097561,0.5860182370820669,0.6036474164133738,0.6504559270516718,0.6179331306990882,0.6382978723404256
molecules,tdc_skin_reaction,chemberta_v2,404,282,40,82,2,0.3218,,Therapeutics Data Commons (TOX),0.6341463414634146,0.5609756097560976,0.6585365853658537,0.6707317073170732,0.6707317073170732,0.6142857142857142,0.5714285714285715,0.6401215805471124,0.6237082066869301,0.641337386018237
molecules,tdc_skin_reaction,chemberta_zinc_base,404,282,40,82,2,0.3218,,Therapeutics Data Commons (TOX),0.6707317073170732,0.5487804878048781,0.6463414634146342,0.5975609756097561,0.5853658536585366,0.7130699088145898,0.5057750759878419,0.6370820668693008,0.6252279635258359,0.6243161094224924
molecules,tdc_skin_reaction,pubchem10m_bpe,404,282,40,82,2,0.3218,,Therapeutics Data Commons (TOX),0.5365853658536586,0.6585365853658537,0.6097560975609756,0.6463414634146342,0.6707317073170732,0.5954407294832826,0.6942249240121581,0.6261398176291794,0.7240121580547113,0.6437689969604864
molecules,tdc_skin_reaction,smiles_bert,404,282,40,82,2,0.3218,,Therapeutics Data Commons (TOX),0.6829268292682927,0.5487804878048781,0.6097560975609756,0.5975609756097561,0.5853658536585366,0.6808510638297872,0.5623100303951368,0.688145896656535,0.6009118541033435,0.6838905775075986
proteins,prot_allergenic,ankh_base,5680,3408,1136,1136,2,0.5,binary,HuggingFace (LrZhang/Protein_allergenic),0.891725352112676,0.9049295774647887,0.914612676056338,0.9242957746478874,0.920774647887324,0.9548080737948819,0.9599626810156716,0.9718464838325729,0.9725903838524101,0.9726306784368182
proteins,prot_allergenic,esm2_150m,5680,3408,1136,1136,2,0.5,binary,HuggingFace (LrZhang/Protein_allergenic),0.9137323943661971,0.9022887323943662,0.9216549295774648,0.9251760563380281,0.9216549295774648,0.9589181214044833,0.9577929726244793,0.9710064967268398,0.9773621925213252,0.974028590557429
proteins,prot_allergenic,esm2_650m,5680,3408,1136,1136,2,0.5,binary,HuggingFace (LrZhang/Protein_allergenic),0.9234154929577465,0.9084507042253521,0.9278169014084507,0.9313380281690141,0.9172535211267606,0.9711645754810554,0.9621323894068636,0.9764772614560603,0.9804478278119421,0.9748623784963302
proteins,prot_allergenic,prot_bert,5680,3408,1136,1136,2,0.5,binary,HuggingFace (LrZhang/Protein_allergenic),0.9102112676056338,0.9119718309859155,0.9242957746478874,0.9225352112676056,0.9242957746478874,0.9580037442967666,0.9583292005554455,0.9727763588573695,0.9726647738543939,0.9723145209283871
proteins,prot_anticancer_peptide,ankh_base,949,569,190,190,4,0.019,multiclass,HuggingFace (gelabgaboo/Anticancer-peptide),0.8421052631578947,0.8947368421052632,0.8789473684210526,0.8842105263157894,0.8421052631578947,0.8541428472071961,0.933841538901425,0.9233866714578632,0.9567436130258724,0.9464943973911162
proteins,prot_anticancer_peptide,esm2_150m,949,569,190,190,4,0.019,multiclass,HuggingFace (gelabgaboo/Anticancer-peptide),0.8789473684210526,0.8789473684210526,0.8789473684210526,0.8736842105263158,0.8631578947368421,0.859612184837151,0.9238095563764129,0.8921318970047293,0.9627187979763635,0.9407609927050169
proteins,prot_anticancer_peptide,esm2_650m,949,569,190,190,4,0.019,multiclass,HuggingFace (gelabgaboo/Anticancer-peptide),0.8842105263157894,0.868421052631579,0.8789473684210526,0.8631578947368421,0.8368421052631579,0.8880029494193894,0.8564050647584309,0.8702559477811094,0.9343627734330727,0.9311557563908379
proteins,prot_anticancer_peptide,prot_bert,949,569,190,190,4,0.019,multiclass,HuggingFace (gelabgaboo/Anticancer-peptide),0.8947368421052632,0.8736842105263158,0.9,0.8894736842105263,0.8842105263157894,0.8179605550575458,0.8778109306255344,0.8552260066664605,0.9377119112752825,0.9372647895994971
proteins,prot_cloning_stage,ankh_base,8000,4800,1600,1600,2,0.3944,binary,HuggingFace (proteinglm/cloning_clf),0.65125,0.65125,0.696875,0.719375,0.703125,0.6813287997657985,0.7078449362896381,0.7481449498641729,0.7597070190157972,0.7571057783360238
proteins,prot_cloning_stage,esm2_150m,8000,4800,1600,1600,2,0.3944,binary,HuggingFace (proteinglm/cloning_clf),0.65375,0.678125,0.7225,0.705625,0.699375,0.6804178339948875,0.7227082341819872,0.7669955629261463,0.7304489900055443,0.7255719703846173
proteins,prot_cloning_stage,esm2_650m,8000,4800,1600,1600,2,0.3944,binary,HuggingFace (proteinglm/cloning_clf),0.628125,0.6825,0.715625,0.6825,0.69875,0.6617029662811826,0.7318800403637976,0.7551333820708198,0.7092645382450252,0.7304964191031321
proteins,prot_cloning_stage,prot_bert,8000,4800,1600,1600,2,0.3944,binary,HuggingFace (proteinglm/cloning_clf),0.620625,0.650625,0.7,0.684375,0.68125,0.6581727694831373,0.6954266901522473,0.744067682957744,0.7109147437438567,0.7163723609387037
proteins,prot_deeploc_binary,ankh_base,1500,1052,224,224,2,0.3747,,HuggingFace (SaProtHub/Dataset-Binary_Localization-DeepLoc),0.9330357142857143,0.9330357142857143,0.9553571428571429,0.9464285714285714,0.9419642857142857,0.9897108843537414,0.9761054421768708,0.9889455782312925,0.987797619047619,0.9877551020408164
proteins,prot_deeploc_binary,esm2_150m,1500,1052,224,224,2,0.3747,,HuggingFace (SaProtHub/Dataset-Binary_Localization-DeepLoc),0.90625,0.9508928571428571,0.9508928571428571,0.9598214285714286,0.9464285714285714,0.9698129251700681,0.9842687074829932,0.9905612244897959,0.990561224489796,0.9885204081632654
proteins,prot_deeploc_binary,esm2_650m,1500,1052,224,224,2,0.3747,,HuggingFace (SaProtHub/Dataset-Binary_Localization-DeepLoc),0.9151785714285714,0.9464285714285714,0.9375,0.9419642857142857,0.9330357142857143,0.9799319727891156,0.9812925170068028,0.9835034013605443,0.991624149659864,0.9861394557823129
proteins,prot_deeploc_binary,prot_bert,1500,1052,224,224,2,0.3747,,HuggingFace (SaProtHub/Dataset-Binary_Localization-DeepLoc),0.9017857142857143,0.9285714285714286,0.9330357142857143,0.9508928571428571,0.9241071428571429,0.9732993197278911,0.9797619047619047,0.9823979591836736,0.9806972789115647,0.9770408163265306
proteins,prot_deeploc_multi,ankh_base,1500,1056,222,222,10,0.01,,HuggingFace (SaProtHub/Dataset-Subcellular_Localization-DeepLoc),0.8288288288288288,0.7927927927927928,0.8243243243243243,0.8198198198198198,0.8063063063063063,0.9233578211591091,0.9574598335954038,0.9703554705440487,0.9551177106242152,0.9464353737632566
proteins,prot_deeploc_multi,esm2_150m,1500,1056,222,222,10,0.01,,HuggingFace (SaProtHub/Dataset-Subcellular_Localization-DeepLoc),0.7972972972972973,0.7972972972972973,0.8243243243243243,0.8243243243243243,0.8063063063063063,0.9250839532182633,0.9554802439634409,0.9531950872785331,0.9671781136295085,0.9386597187150298
proteins,prot_deeploc_multi,esm2_650m,1500,1056,222,222,10,0.01,,HuggingFace (SaProtHub/Dataset-Subcellular_Localization-DeepLoc),0.8108108108108109,0.8333333333333334,0.8108108108108109,0.8288288288288288,0.8198198198198198,0.9226176770190164,0.9628388873092073,0.9709592141388178,0.9747931595391396,0.9712646913128765
proteins,prot_deeploc_multi,prot_bert,1500,1056,222,222,10,0.01,,HuggingFace (SaProtHub/Dataset-Subcellular_Localization-DeepLoc),0.7837837837837838,0.7657657657657657,0.7792792792792793,0.7792792792792793,0.7387387387387387,0.8844095410227155,0.9414096691561168,0.9467091439200356,0.9414857277728872,0.9312381694610133
proteins,prot_hemolytic_peptide,ankh_base,4611,2766,922,923,2,0.2065,binary,HuggingFace (jablonkagroup/peptides_hemolytic),0.7627302275189599,0.7258938244853738,0.7735644637053087,0.7887323943661971,0.781148429035753,0.6430599662403799,0.644923182559437,0.6956269848081711,0.7141053700683775,0.6812219265871312
proteins,prot_hemolytic_peptide,esm2_150m,4611,2766,922,923,2,0.2065,binary,HuggingFace (jablonkagroup/peptides_hemolytic),0.7789815817984832,0.7226435536294691,0.7930660888407367,0.7887323943661971,0.7854821235102926,0.6498834148713987,0.6411073441478556,0.7069135696506738,0.7209466998540895,0.6553729293622864
proteins,prot_hemolytic_peptide,esm2_650m,4611,2766,922,923,2,0.2065,binary,HuggingFace (jablonkagroup/peptides_hemolytic),0.7735644637053087,0.7172264355362947,0.781148429035753,0.789815817984832,0.7800650054171181,0.6265914227677166,0.6419084198781221,0.7075823248362085,0.6934919749377736,0.6840399965668182
proteins,prot_hemolytic_peptide,prot_bert,4611,2766,922,923,2,0.2065,binary,HuggingFace (jablonkagroup/peptides_hemolytic),0.7551462621885157,0.7248104008667389,0.7746478873239436,0.7908992416034669,0.781148429035753,0.6294988985208708,0.6322418676508454,0.6757431407890595,0.6681901410465482,0.6496795697078934
proteins,prot_material_production,ankh_base,8000,4800,1600,1600,2,0.2999,binary,HuggingFace (proteinglm/material_production),0.75625,0.719375,0.760625,0.755625,0.769375,0.7797243364949651,0.737678295735801,0.8193102266653506,0.8118860099188207,0.8114194938533483
proteins,prot_material_production,esm2_150m,8000,4800,1600,1600,2,0.2999,binary,HuggingFace (proteinglm/material_production),0.75,0.734375,0.7725,0.75875,0.765625,0.7692756802660912,0.7661441562577403,0.8275436299605743,0.8189824548987912,0.8194564203225945
proteins,prot_material_production,esm2_650m,8000,4800,1600,1600,2,0.2999,binary,HuggingFace (proteinglm/material_production),0.754375,0.723125,0.7675,0.749375,0.7625,0.7781338984913188,0.7614640968863544,0.8397270555107559,0.8043370164202481,0.8270836320836413
proteins,prot_material_production,prot_bert,8000,4800,1600,1600,2,0.2999,binary,HuggingFace (proteinglm/material_production),0.7475,0.731875,0.77125,0.7425,0.7525,0.7554133555820836,0.7626820669734561,0.8198018843151897,0.802271681823007,0.8063315821133457
proteins,prot_metal_ion,ankh_base,1500,1052,224,224,2,0.4707,,HuggingFace (SaProtHub/Dataset-Metal_Ion_Binding),0.7723214285714286,0.7857142857142857,0.7946428571428571,0.8348214285714286,0.8258928571428571,0.8573829531812724,0.8012004801920768,0.8837935174069629,0.8953181272509003,0.8933973589435774
proteins,prot_metal_ion,esm2_150m,1500,1052,224,224,2,0.4707,,HuggingFace (SaProtHub/Dataset-Metal_Ion_Binding),0.7901785714285714,0.8035714285714286,0.7901785714285714,0.8080357142857143,0.75,0.8689475790316126,0.8529011604641856,0.8854741896758703,0.890796318527411,0.8689875950380154
proteins,prot_metal_ion,esm2_650m,1500,1052,224,224,2,0.4707,,HuggingFace (SaProtHub/Dataset-Metal_Ion_Binding),0.7544642857142857,0.7767857142857143,0.7901785714285714,0.78125,0.7991071428571429,0.8482993197278912,0.8385754301720688,0.8706682673069227,0.8814725890356143,0.8761904761904762
proteins,prot_metal_ion,prot_bert,1500,1052,224,224,2,0.4707,,HuggingFace (SaProtHub/Dataset-Metal_Ion_Binding),0.7276785714285714,0.7678571428571429,0.7410714285714286,0.7723214285714286,0.7767857142857143,0.8437775110044017,0.8208883553421369,0.8399359743897559,0.8804721888755502,0.8468987595038016
proteins,prot_nonfouling_peptide,ankh_base,8000,4800,1600,1600,2,0.2097,binary,HuggingFace (jablonkagroup/peptides_nonfouling),0.853125,0.830625,0.860625,0.87125,0.858125,0.9104430417084538,0.8988567046191964,0.9337525809686744,0.9363494779069081,0.9299297976520559
proteins,prot_nonfouling_peptide,esm2_150m,8000,4800,1600,1600,2,0.2097,binary,HuggingFace (jablonkagroup/peptides_nonfouling),0.84,0.84625,0.86375,0.871875,0.8525,0.8993664090614123,0.91843785027432,0.936662143826323,0.9380248952864138,0.9241649460208837
proteins,prot_nonfouling_peptide,esm2_650m,8000,4800,1600,1600,2,0.2097,binary,HuggingFace (jablonkagroup/peptides_nonfouling),0.835625,0.82875,0.86375,0.86625,0.8575,0.8925066367765915,0.9069860185239809,0.9363058226653295,0.9354539555188484,0.9262674768450239
proteins,prot_nonfouling_peptide,prot_bert,8000,4800,1600,1600,2,0.2097,binary,HuggingFace (jablonkagroup/peptides_nonfouling),0.8375,0.829375,0.865,0.863125,0.844375,0.891441212907793,0.8906896348298036,0.9271972155035102,0.9287039112736712,0.9162928440799953
proteins,prot_remote_homology,ankh_base,3000,1800,600,600,7,0.015,multiclass,HuggingFace (proteinea/remote_homology),0.83,0.9083333333333333,0.9083333333333333,0.8966666666666666,0.8266666666666667,0.9014386543943645,0.9497647645559646,0.9514054526445003,0.960760793588651,0.9275496249213402
proteins,prot_remote_homology,esm2_150m,3000,1800,600,600,7,0.015,multiclass,HuggingFace (proteinea/remote_homology),0.735,0.845,0.8483333333333334,0.8466666666666667,0.765,0.8614776005050929,0.955139811947146,0.9573619724303525,0.9778273726638657,0.9104491732963195
proteins,prot_remote_homology,esm2_650m,3000,1800,600,600,7,0.015,multiclass,HuggingFace (proteinea/remote_homology),0.69,0.8633333333333333,0.88,0.8266666666666667,0.75,0.8562358310744959,0.9623724545519691,0.9666336892263435,0.9512056252944913,0.910009155918121
proteins,prot_remote_homology,prot_bert,3000,1800,600,600,7,0.015,multiclass,HuggingFace (proteinea/remote_homology),0.6116666666666667,0.81,0.8283333333333334,0.7516666666666667,0.6733333333333333,0.8123363240166326,0.9444784940426159,0.9534634738024882,0.9223042322456881,0.8896582520937003
proteins,prot_sabdab_chen,ankh_base,2409,1687,361,361,2,0.2001,,Therapeutics Data Commons (Develop),0.850415512465374,0.8559556786703602,0.8698060941828255,0.8753462603878116,0.8725761772853186,0.8385476739715494,0.8722606689734718,0.8952566320645905,0.8910995770857363,0.8939590542099193
proteins,prot_sabdab_chen,esm2_150m,2409,1687,361,361,2,0.2001,,Therapeutics Data Commons (Develop),0.850415512465374,0.8642659279778393,0.8587257617728532,0.8614958448753463,0.8725761772853186,0.8280469050365244,0.8601739715494041,0.8789407920030758,0.894559784698193,0.894127258746636
proteins,prot_sabdab_chen,esm2_650m,2409,1687,361,361,2,0.2001,,Therapeutics Data Commons (Develop),0.8559556786703602,0.8587257617728532,0.8476454293628809,0.850415512465374,0.8614958448753463,0.8427047289504037,0.8535419069588619,0.8786524413687044,0.8738465974625144,0.8917243367935409
proteins,prot_sabdab_chen,prot_bert,2409,1687,361,361,2,0.2001,,Therapeutics Data Commons (Develop),0.8587257617728532,0.8365650969529086,0.8282548476454293,0.850415512465374,0.8587257617728532,0.8314830834294502,0.8574346405228758,0.8599577085736254,0.8791810841983853,0.8866301422529796
proteins,prot_solubility,ankh_base,2500,1500,500,500,2,0.4132,binary,SaProtHub (Dataset-Solubility),0.616,0.636,0.666,0.68,0.654,0.6439716663364375,0.6462585034013605,0.6971798428109108,0.7256208308566144,0.6754837857473086
proteins,prot_solubility,esm2_150m,2500,1500,500,500,2,0.4132,binary,SaProtHub (Dataset-Solubility),0.636,0.58,0.644,0.642,0.622,0.630597384584902,0.6163892741562644,0.663232283204544,0.6544234198533782,0.6451852585694471
proteins,prot_solubility,esm2_650m,2500,1500,500,500,2,0.4132,binary,SaProtHub (Dataset-Solubility),0.598,0.664,0.614,0.64,0.616,0.6241909385113269,0.6725612575127137,0.6520044911168351,0.6679545604649627,0.6567597912951588
proteins,prot_solubility,prot_bert,2500,1500,500,500,2,0.4132,binary,SaProtHub (Dataset-Solubility),0.62,0.622,0.622,0.674,0.644,0.6048725315368866,0.647562908658609,0.6523182088369328,0.6900881711908065,0.6421471501221848
proteins,prot_sorting_signal,ankh_base,1592,954,319,319,9,0.022,multiclass,HuggingFace (AI4Protein/SortingSignal),0.7460815047021944,0.7711598746081505,0.780564263322884,0.7648902821316614,0.7021943573667712,0.9064393749813282,0.9371979041051927,0.9422348959000791,0.9597062395850539,0.9162576278380963
proteins,prot_sorting_signal,esm2_150m,1592,954,319,319,9,0.022,multiclass,HuggingFace (AI4Protein/SortingSignal),0.7335423197492164,0.786833855799373,0.8119122257053292,0.7962382445141066,0.7711598746081505,0.9134251278962225,0.945441014964622,0.9504647581274158,0.9658931387171921,0.9239809677185915
proteins,prot_sorting_signal,esm2_650m,1592,954,319,319,9,0.022,multiclass,HuggingFace (AI4Protein/SortingSignal),0.7241379310344828,0.8025078369905956,0.8056426332288401,0.780564263322884,0.7617554858934169,0.8906532025042547,0.9476052498480991,0.9587103385234373,0.94886969182707,0.9113259355705673
proteins,prot_sorting_signal,prot_bert,1592,954,319,319,9,0.022,multiclass,HuggingFace (AI4Protein/SortingSignal),0.6802507836990596,0.8056426332288401,0.7836990595611285,0.7586206896551724,0.7241379310344828,0.8720318261747335,0.946408801060653,0.9508491601568474,0.9501239885798977,0.9191633575694867
proteins,prot_temperature_stability,ankh_base,8000,4800,1600,1600,2,0.4954,binary,HuggingFace (proteinglm/temperature_stability),0.705,0.881875,0.895625,0.890625,0.878125,0.7739484885988599,0.9478713496349636,0.9590490299029902,0.9537570944594458,0.9474963121312132
proteins,prot_temperature_stability,esm2_150m,8000,4800,1600,1600,2,0.4954,binary,HuggingFace (proteinglm/temperature_stability),0.895,0.920625,0.9225,0.9175,0.913125,0.9550142514251425,0.972294104410441,0.9810887338733874,0.9781462521252126,0.97686799929993
proteins,prot_temperature_stability,esm2_650m,8000,4800,1600,1600,2,0.4954,binary,HuggingFace (proteinglm/temperature_stability),0.91625,0.935625,0.9425,0.938125,0.933125,0.9647019389438944,0.9826654540454046,0.9878862886288629,0.9856821619661966,0.983040491549155
proteins,prot_temperature_stability,prot_bert,8000,4800,1600,1600,2,0.4954,binary,HuggingFace (proteinglm/temperature_stability),0.8825,0.913125,0.925625,0.914375,0.92,0.9399861861186118,0.9732707645764577,0.9797526627662766,0.9739591146614661,0.9759804105410541
proteins,prot_toxin_peptide,ankh_base,8386,5031,1677,1678,2,0.4987,binary,HuggingFace (tanthinhdt/toxinpred3),0.8289630512514898,0.801549463647199,0.8438617401668653,0.8557806912991657,0.8450536352800954,0.9095774075636758,0.8772838274967076,0.9228126327393712,0.9277400602627868,0.920928177611849
proteins,prot_toxin_peptide,esm2_150m,8386,5031,1677,1678,2,0.4987,binary,HuggingFace (tanthinhdt/toxinpred3),0.8504171632896305,0.8134684147794994,0.8474374255065554,0.8563766388557806,0.8468414779499404,0.9155596469470123,0.8964650661938837,0.9222777685437347,0.9288453042048992,0.9254940568277226
proteins,prot_toxin_peptide,esm2_650m,8386,5031,1677,1678,2,0.4987,binary,HuggingFace (tanthinhdt/toxinpred3),0.8420738974970202,0.8289630512514898,0.8569725864123957,0.8480333730631704,0.8641239570917759,0.9144821051345542,0.9061281372661834,0.9287245513320463,0.9232935132977325,0.9330588691564489
proteins,prot_toxin_peptide,prot_bert,8386,5031,1677,1678,2,0.4987,binary,HuggingFace (tanthinhdt/toxinpred3),0.7806912991656734,0.7777115613825983,0.8128724672228844,0.801549463647199,0.8087008343265792,0.8678722065243488,0.8568851157167676,0.8936039334182866,0.8852357593295801,0.8912684307951079
text,text_agnews,arctic_embed_m_v2,1500,1054,223,223,4,0.1507,,HuggingFace (ag_news),0.8565022421524664,0.8430493273542601,0.874439461883408,0.8878923766816144,0.8475336322869955,0.9545853715225119,0.955886818185741,0.9720375462857229,0.973441407416267,0.9529732478757844
text,text_agnews,bge_large_en_v1_5,1500,1054,223,223,4,0.1507,,HuggingFace (ag_news),0.874439461883408,0.8699551569506726,0.8968609865470852,0.8923766816143498,0.8565022421524664,0.9525569426413576,0.9534694948563536,0.9698977128664839,0.9715306933261633,0.9601925656664834
text,text_agnews,bge_m3,1500,1054,223,223,4,0.1507,,HuggingFace (ag_news),0.8834080717488789,0.820627802690583,0.8834080717488789,0.874439461883408,0.8654708520179372,0.9472019333868343,0.9526965042281225,0.9612269729818224,0.9686225064294498,0.9613907648210205
text,text_agnews,nomic_embed_v1_5,1500,1054,223,223,4,0.1507,,HuggingFace (ag_news),0.8609865470852018,0.8385650224215246,0.8878923766816144,0.874439461883408,0.820627802690583,0.9534282994237873,0.9571248562565626,0.9740948554677293,0.977880305659854,0.9593529459967748
text,text_financial_phrasebank,arctic_embed_m_v2,2264,1358,453,453,3,0.1338,multiclass,HuggingFace (financial_phrasebank/sentences_allagree),0.8167770419426048,0.8984547461368654,0.8962472406181016,0.8852097130242825,0.8520971302428256,0.9096390266298648,0.9646413918101072,0.9723273102768673,0.9613407192182098,0.9433160980613612
text,text_financial_phrasebank,bge_large_en_v1_5,2264,1358,453,453,3,0.1338,multiclass,HuggingFace (financial_phrasebank/sentences_allagree),0.9094922737306843,0.9161147902869757,0.9359823399558499,0.9271523178807947,0.8609271523178808,0.9635550298333726,0.9829534874760082,0.9865914513827295,0.9740227506172233,0.9596175597302864
text,text_financial_phrasebank,bge_m3,2264,1358,453,453,3,0.1338,multiclass,HuggingFace (financial_phrasebank/sentences_allagree),0.8631346578366446,0.9161147902869757,0.9139072847682119,0.9183222958057395,0.8785871964679912,0.93865881616126,0.9832355773583852,0.9820497861475767,0.9690540073305011,0.9526342213348084
text,text_financial_phrasebank,nomic_embed_v1_5,2264,1358,453,453,3,0.1338,multiclass,HuggingFace (financial_phrasebank/sentences_allagree),0.8830022075055187,0.9359823399558499,0.9293598233995585,0.9028697571743929,0.8719646799116998,0.9446282694839198,0.982236099423201,0.9829133348695418,0.9770033650799297,0.9586409921294002
text,text_imdb,arctic_embed_m_v2,3000,1800,600,600,2,0.1667,binary,HuggingFace (imdb/),0.9216666666666666,0.9433333333333334,0.95,0.9533333333333334,0.93,0.9539099999999999,0.9797399999999999,0.9872,0.98844,0.9779
text,text_imdb,bge_large_en_v1_5,3000,1800,600,600,2,0.1667,binary,HuggingFace (imdb/),0.945,0.9616666666666667,0.9633333333333334,0.955,0.9483333333333334,0.9719800000000001,0.9879800000000001,0.99008,0.98831,0.98614
text,text_imdb,bge_m3,3000,1800,600,600,2,0.1667,binary,HuggingFace (imdb/),0.8916666666666667,0.9233333333333333,0.9283333333333333,0.9316666666666666,0.9233333333333333,0.9300200000000001,0.9600000000000001,0.96694,0.9746600000000001,0.9603
text,text_imdb,nomic_embed_v1_5,3000,1800,600,600,2,0.1667,binary,HuggingFace (imdb/),0.93,0.9383333333333334,0.9433333333333334,0.945,0.9166666666666666,0.95008,0.9715199999999999,0.9730800000000001,0.9795100000000001,0.9602
text,text_rotten_tomatoes,arctic_embed_m_v2,3000,1800,600,600,2,0.4997,binary,HuggingFace (rotten_tomatoes/),0.8016666666666666,0.7966666666666666,0.8366666666666667,0.8416666666666667,0.8333333333333334,0.8774986388737653,0.8911654573939709,0.9309325659173991,0.9277325303614484,0.9107323414704608
text,text_rotten_tomatoes,bge_large_en_v1_5,3000,1800,600,600,2,0.4997,binary,HuggingFace (rotten_tomatoes/),0.865,0.8583333333333333,0.8783333333333333,0.8716666666666667,0.865,0.9157601751130569,0.9272880809786774,0.9405215613506818,0.942593806597851,0.9330325892509916
text,text_rotten_tomatoes,bge_m3,3000,1800,600,600,2,0.4997,binary,HuggingFace (rotten_tomatoes/),0.8183333333333334,0.8083333333333333,0.8466666666666667,0.84,0.8316666666666667,0.8985766508516762,0.883754263936266,0.922788030978122,0.919410215669063,0.9159546217180191
text,text_rotten_tomatoes,nomic_embed_v1_5,3000,1800,600,600,2,0.4997,binary,HuggingFace (rotten_tomatoes/),0.8083333333333333,0.8116666666666666,0.85,0.8416666666666667,0.8333333333333334,0.8704485605395615,0.8860654007266747,0.9120434671496351,0.9080045333837042,0.9015877954199492
text,text_sst2,arctic_embed_m_v2,1500,1052,224,224,2,0.45,,HuggingFace (glue),0.8258928571428571,0.84375,0.8794642857142857,0.8928571428571429,0.8616071428571429,0.9165257989213556,0.9158818320856477,0.9586251308057635,0.9471142236174838,0.9378572003541819
text,text_sst2,bge_large_en_v1_5,1500,1052,224,224,2,0.45,,HuggingFace (glue),0.9419642857142857,0.9285714285714286,0.9330357142857143,0.9330357142857143,0.9151785714285714,0.9745230620623039,0.9813249617644692,0.9814859534733962,0.9772196731868309,0.9697335587217258
text,text_sst2,bge_m3,1500,1052,224,224,2,0.45,,HuggingFace (glue),0.8794642857142857,0.8794642857142857,0.9151785714285714,0.9017857142857143,0.9107142857142857,0.9469934798357884,0.9536343878290269,0.9690090960315544,0.966191741125332,0.966352732834259
text,text_sst2,nomic_embed_v1_5,1500,1052,224,224,2,0.45,,HuggingFace (glue),0.8616071428571429,0.8660714285714286,0.8928571428571429,0.8883928571428571,0.8660714285714286,0.9234484424052161,0.943089430894309,0.9625694276744747,0.9590678580053127,0.9445383562746519
text,text_tweet_emotion,arctic_embed_m_v2,1500,1054,223,223,4,0.0967,,HuggingFace (tweet_eval),0.672645739910314,0.6457399103139013,0.7040358744394619,0.7533632286995515,0.6681614349775785,0.7869389429095814,0.8230289399044118,0.8721802782164009,0.896166524487862,0.849992591524235
text,text_tweet_emotion,bge_large_en_v1_5,1500,1054,223,223,4,0.0967,,HuggingFace (tweet_eval),0.7130044843049327,0.695067264573991,0.7533632286995515,0.757847533632287,0.7533632286995515,0.8446799569476988,0.871977800967088,0.9163618737209324,0.9160950016039352,0.9136939062051531
text,text_tweet_emotion,bge_m3,1500,1054,223,223,4,0.0967,,HuggingFace (tweet_eval),0.6502242152466368,0.672645739910314,0.7219730941704036,0.7354260089686099,0.7399103139013453,0.8096830666711364,0.869680842195478,0.896524420385115,0.8844034635579751,0.8789786755233916
text,text_tweet_emotion,nomic_embed_v1_5,1500,1054,223,223,4,0.0967,,HuggingFace (tweet_eval),0.695067264573991,0.6905829596412556,0.7892376681614349,0.7847533632286996,0.7309417040358744,0.8337012253519286,0.8419946119007543,0.9044371540493563,0.9052150978864291,0.9002841111205575
text,text_tweet_hate,arctic_embed_m_v2,3000,1800,600,600,2,0.42,binary,HuggingFace (tweet_eval/hate),0.71,0.675,0.735,0.7266666666666667,0.7283333333333334,0.7838612935595693,0.7207854406130269,0.8154761904761905,0.808668582375479,0.7964217296113847
text,text_tweet_hate,bge_large_en_v1_5,3000,1800,600,600,2,0.42,binary,HuggingFace (tweet_eval/hate),0.73,0.6916666666666667,0.7583333333333333,0.75,0.7316666666666667,0.7896939427111842,0.767138752052545,0.8312921912059842,0.8107268290457945,0.8081782521437695
text,text_tweet_hate,bge_m3,3000,1800,600,600,2,0.42,binary,HuggingFace (tweet_eval/hate),0.7266666666666667,0.6916666666666667,0.75,0.7333333333333333,0.7283333333333334,0.7912276500638569,0.74826673964605,0.8207443897099069,0.8112513683634374,0.7984286626528005
text,text_tweet_hate,nomic_embed_v1_5,3000,1800,600,600,2,0.42,binary,HuggingFace (tweet_eval/hate),0.735,0.7,0.7483333333333333,0.74,0.7533333333333333,0.8037367724867726,0.7562146506112024,0.8220443349753694,0.8120552818828681,0.8077221309979932
text,text_tweet_irony,arctic_embed_m_v2,1500,1052,224,224,2,0.4967,,HuggingFace (tweet_eval),0.5892857142857143,0.5848214285714286,0.6383928571428571,0.6160714285714286,0.6071428571428571,0.6075898907757314,0.6122937096388424,0.6991947699912302,0.6513991867974169,0.6540699992027424
text,text_tweet_irony,bge_large_en_v1_5,1500,1052,224,224,2,0.4967,,HuggingFace (tweet_eval),0.6116071428571429,0.5803571428571429,0.6205357142857143,0.6160714285714286,0.6116071428571429,0.6703739137367455,0.6403571713306226,0.6630790082117516,0.6774695049031333,0.6904249382125488
text,text_tweet_irony,bge_m3,1500,1052,224,224,2,0.4967,,HuggingFace (tweet_eval),0.59375,0.6339285714285714,0.6428571428571429,0.6160714285714286,0.6383928571428571,0.6429083951207845,0.6535916447420873,0.7176114167264609,0.7165351191899865,0.6981583353264769
text,text_tweet_irony,nomic_embed_v1_5,1500,1052,224,224,2,0.4967,,HuggingFace (tweet_eval),0.59375,0.6383928571428571,0.6160714285714286,0.5982142857142857,0.6294642857142857,0.6314278880650562,0.6968029976879534,0.6756756756756757,0.6514390496691382,0.6593318982699514
text,text_tweet_offensive,arctic_embed_m_v2,3000,1800,600,600,2,0.344,binary,HuggingFace (tweet_eval/offensive),0.6516666666666666,0.6833333333333333,0.7416666666666667,0.7266666666666667,0.7233333333333334,0.6391010792962397,0.6975506382139866,0.7564683849982752,0.7529261741658864,0.7162288699423389
text,text_tweet_offensive,bge_large_en_v1_5,3000,1800,600,600,2,0.344,binary,HuggingFace (tweet_eval/offensive),0.6816666666666666,0.6766666666666666,0.7416666666666667,0.7266666666666667,0.705,0.7223769158740327,0.7140604208762505,0.7814301907249519,0.7770624907594498,0.763158543196491
text,text_tweet_offensive,bge_m3,3000,1800,600,600,2,0.344,binary,HuggingFace (tweet_eval/offensive),0.665,0.69,0.7283333333333334,0.7416666666666667,0.7183333333333334,0.7082819969444581,0.7408087329357844,0.7800502685919868,0.794354639988172,0.7625917894633087
text,text_tweet_offensive,nomic_embed_v1_5,3000,1800,600,600,2,0.344,binary,HuggingFace (tweet_eval/offensive),0.6783333333333333,0.6833333333333333,0.755,0.7333333333333333,0.7183333333333334,0.6669828988221379,0.728611206939037,0.8004534029865458,0.789161450889557,0.7696762111280864
text,text_tweet_sentiment,arctic_embed_m_v2,1500,1052,224,224,3,0.1573,,HuggingFace (tweet_eval),0.5044642857142857,0.5446428571428571,0.5982142857142857,0.59375,0.5714285714285714,0.6345023204937944,0.7241032652842055,0.7491740836992308,0.7674516197750764,0.7291046015280985
text,text_tweet_sentiment,bge_large_en_v1_5,1500,1052,224,224,3,0.1573,,HuggingFace (tweet_eval),0.5178571428571429,0.5669642857142857,0.6205357142857143,0.5982142857142857,0.5892857142857143,0.6633405294849875,0.7482233666022219,0.8080987073524052,0.7976251652782788,0.7682183350834864
text,text_tweet_sentiment,bge_m3,1500,1052,224,224,3,0.1573,,HuggingFace (tweet_eval),0.5178571428571429,0.6116071428571429,0.6383928571428571,0.6383928571428571,0.5982142857142857,0.6799924857113452,0.7829599279336934,0.809316645375345,0.8066821931677642,0.7715528544388639
text,text_tweet_sentiment,nomic_embed_v1_5,1500,1052,224,224,3,0.1573,,HuggingFace (tweet_eval),0.5,0.5803571428571429,0.5982142857142857,0.65625,0.5892857142857143,0.6667554662717249,0.7474125256804022,0.777777248120195,0.789705805348464,0.7608354483108535
text,text_yelp_polarity,arctic_embed_m_v2,1500,1052,224,224,2,0.4727,,HuggingFace (yelp_polarity),0.875,0.9285714285714286,0.9464285714285714,0.9508928571428571,0.9285714285714286,0.9242884553885513,0.9815318196354332,0.9864886472657499,0.9869283658458586,0.9763351455068756
text,text_yelp_polarity,bge_large_en_v1_5,1500,1052,224,224,2,0.4727,,HuggingFace (yelp_polarity),0.8883928571428571,0.9241071428571429,0.9419642857142857,0.9419642857142857,0.9151785714285714,0.9504716981132075,0.9778541733290694,0.9928845538855133,0.9897665494083786,0.9874480332587143
text,text_yelp_polarity,bge_m3,1500,1052,224,224,2,0.4727,,HuggingFace (yelp_polarity),0.8973214285714286,0.9375,0.9419642857142857,0.9464285714285714,0.9330357142857143,0.9639031020147106,0.9810521266389511,0.9914454748960666,0.9866085705148704,0.9874480332587144
text,text_yelp_polarity,nomic_embed_v1_5,1500,1052,224,224,2,0.4727,,HuggingFace (yelp_polarity),0.9285714285714286,0.9464285714285714,0.9598214285714286,0.9732142857142857,0.9642857142857143,0.9783338663255516,0.9872081867604733,0.9963223536936361,0.9980412535976975,0.9948033258714423
timeseries,ts_chinatown,chronos_t5_small,363,217,73,73,2,0.2865,binary,UCR Archive (Chinatown) via AEON,0.9041095890410958,0.9178082191780822,0.9315068493150684,0.9041095890410958,0.7945205479452054,0.913003663003663,0.967948717948718,0.9615384615384616,0.9583333333333333,0.8827838827838828
timeseries,ts_chinatown,minirocket,363,217,73,73,2,0.2865,binary,UCR Archive (Chinatown) via AEON,0.9315068493150684,0.958904109589041,0.9452054794520548,0.958904109589041,0.958904109589041,0.9633699633699634,0.9963369963369964,0.9981684981684982,0.9926739926739927,0.9890109890109889
timeseries,ts_chinatown,resnet1d,363,217,73,73,2,0.2865,binary,UCR Archive (Chinatown) via AEON,0.9452054794520548,0.9726027397260274,0.958904109589041,0.9726027397260274,0.9315068493150684,0.9780219780219781,0.9981684981684982,0.999084249084249,0.999084249084249,0.9235347985347985
timeseries,ts_chinatown,rocket,363,217,73,73,2,0.2865,binary,UCR Archive (Chinatown) via AEON,0.958904109589041,0.958904109589041,0.958904109589041,0.958904109589041,0.9726027397260274,0.9844322344322344,1.0,0.9963369963369964,0.9963369963369964,0.9665750915750916
timeseries,ts_ecg200,chronos_t5_small,100,72,14,14,2,0.31,,UCR Archive (ECG200),0.5,0.5714285714285714,0.5,0.5714285714285714,0.6428571428571429,0.7124999999999999,0.575,0.575,0.675,0.5
timeseries,ts_ecg200,minirocket,100,72,14,14,2,0.31,,UCR Archive (ECG200),0.5,0.5714285714285714,0.6428571428571429,0.5714285714285714,0.5714285714285714,0.6,0.725,0.725,0.675,0.625
timeseries,ts_ecg200,resnet1d,100,72,14,14,2,0.31,,UCR Archive (ECG200),0.5,0.5714285714285714,0.5714285714285714,0.7857142857142857,0.5714285714285714,0.65,0.6749999999999999,0.65,0.9,0.6
timeseries,ts_ecg200,rocket,100,72,14,14,2,0.31,,UCR Archive (ECG200),0.6428571428571429,0.6428571428571429,0.6428571428571429,0.6428571428571429,0.5,0.7124999999999999,0.75,0.775,0.725,0.65
timeseries,ts_electric_devices,chronos_t5_small,8926,6254,1336,1336,7,0.057,,UCR Archive (ElectricDevices),0.7035928143712575,0.8585329341317365,0.8660179640718563,0.8525449101796407,0.8053892215568862,0.8767419635332935,0.9767278944538619,0.9781680738276937,0.97759759393091,0.9623717709084298
timeseries,ts_electric_devices,minirocket,8926,6254,1336,1336,7,0.057,,UCR Archive (ElectricDevices),0.8368263473053892,0.8712574850299402,0.8952095808383234,0.9034431137724551,0.9124251497005988,0.941039103435447,0.9836152613380401,0.9884695044885617,0.9919976340448684,0.9911894480087302
timeseries,ts_electric_devices,resnet1d,8926,6254,1336,1336,7,0.057,,UCR Archive (ElectricDevices),0.750748502994012,0.7836826347305389,0.811377245508982,0.8255988023952096,0.7986526946107785,0.9035780489348382,0.9505437462376873,0.9631034198509622,0.9724175537568875,0.9642124993169106
timeseries,ts_electric_devices,rocket,8926,6254,1336,1336,7,0.057,,UCR Archive (ElectricDevices),0.8480538922155688,0.8899700598802395,0.9094311377245509,0.9206586826347305,0.906437125748503,0.9557287384680965,0.9850609574803019,0.9906353077156265,0.991973980366542,0.9913102641305934
timeseries,ts_ford_a,chronos_t5_small,3601,2523,539,539,2,0.4874,,UCR Archive (FordA),0.7922077922077922,0.8886827458256029,0.8868274582560297,0.8534322820037106,0.862708719851577,0.8715214636027994,0.9624731360555464,0.9671157767124043,0.9471606877169779,0.9484901085578885
timeseries,ts_ford_a,minirocket,3601,2523,539,539,2,0.4874,,UCR Archive (FordA),0.8719851576994434,0.9239332096474954,0.9276437847866419,0.9461966604823747,0.9387755102040817,0.9401898385408056,0.97804044745688,0.9815947539538216,0.9904874083870612,0.9874359398247644
timeseries,ts_ford_a,resnet1d,3601,2523,539,539,2,0.4874,,UCR Archive (FordA),0.7662337662337663,0.8998144712430427,0.9072356215213359,0.8886827458256029,0.8775510204081632,0.8805725464264065,0.973990191216179,0.9768005730974816,0.9682385518267482,0.9494957844271781
timeseries,ts_ford_a,rocket,3601,2523,539,539,2,0.4874,,UCR Archive (FordA),0.8515769944341373,0.922077922077922,0.9313543599257885,0.9276437847866419,0.9313543599257885,0.9274397972116603,0.9807268419022428,0.984074502672618,0.9847082162340882,0.9854796936132694
timeseries,ts_ford_b,chronos_t5_small,4446,2667,889,890,2,0.4915,binary,UCR Archive (FordB) via AEON,0.744943820224719,0.848314606741573,0.8258426966292135,0.8213483146067416,0.8078651685393259,0.8337753395870905,0.9202974323225281,0.9230403968458434,0.9187163128090887,0.9026727486727184
timeseries,ts_ford_b,minirocket,4446,2667,889,890,2,0.4915,binary,UCR Archive (FordB) via AEON,0.8438202247191011,0.903370786516854,0.9123595505617977,0.9213483146067416,0.9134831460674158,0.9285818923929461,0.9648365082011103,0.9714034582569294,0.9750430640378661,0.9715499517581746
timeseries,ts_ford_b,resnet1d,4446,2667,889,890,2,0.4915,binary,UCR Archive (FordB) via AEON,0.7764044943820225,0.8617977528089887,0.8786516853932584,0.8640449438202247,0.848314606741573,0.8646955713499124,0.9434333025191831,0.9558145291244234,0.951760700339966,0.9312894964159607
timeseries,ts_ford_b,rocket,4446,2667,889,890,2,0.4915,binary,UCR Archive (FordB) via AEON,0.8438202247191011,0.8932584269662921,0.9101123595505618,0.8898876404494382,0.8921348314606742,0.915609640282682,0.9661145377119736,0.9710599562540096,0.964609190699178,0.9636494056910201
timeseries,ts_gunpoint,chronos_t5_small,50,38,6,6,2,0.48,,UCR Archive (GunPoint),0.5,0.8333333333333334,0.8333333333333334,0.8333333333333334,0.8333333333333334,0.6111111111111112,0.888888888888889,0.888888888888889,0.888888888888889,1.0
timeseries,ts_gunpoint,minirocket,50,38,6,6,2,0.48,,UCR Archive (GunPoint),1.0,1.0,1.0,1.0,1.0,1.0,1.0,1.0,1.0,1.0
timeseries,ts_gunpoint,resnet1d,50,38,6,6,2,0.48,,UCR Archive (GunPoint),0.8333333333333334,0.8333333333333334,1.0,1.0,0.8333333333333334,1.0,1.0,1.0,1.0,1.0
timeseries,ts_gunpoint,rocket,50,38,6,6,2,0.48,,UCR Archive (GunPoint),1.0,1.0,1.0,1.0,0.8333333333333334,1.0,1.0,1.0,1.0,0.9444444444444444
timeseries,ts_italy_power,chronos_t5_small,67,49,9,9,2,0.4925,,UCR Archive (ItalyPowerDemand),1.0,0.8888888888888888,0.8888888888888888,0.8888888888888888,0.8888888888888888,1.0,1.0,1.0,1.0,1.0
timeseries,ts_italy_power,minirocket,67,49,9,9,2,0.4925,,UCR Archive (ItalyPowerDemand),0.8888888888888888,1.0,1.0,1.0,1.0,1.0,1.0,1.0,1.0,1.0
timeseries,ts_italy_power,resnet1d,67,49,9,9,2,0.4925,,UCR Archive (ItalyPowerDemand),1.0,1.0,1.0,1.0,1.0,1.0,1.0,1.0,1.0,1.0
timeseries,ts_italy_power,rocket,67,49,9,9,2,0.4925,,UCR Archive (ItalyPowerDemand),0.8888888888888888,1.0,1.0,1.0,1.0,1.0,1.0,1.0,1.0,1.0
timeseries,ts_plane,chronos_t5_small,210,126,42,42,7,0.1429,multiclass,UCR Archive (Plane) via AEON,0.9761904761904762,0.9761904761904762,0.9761904761904762,0.9761904761904762,0.6904761904761905,1.0,1.0,1.0,1.0,0.9315476190476192
timeseries,ts_plane,minirocket,210,126,42,42,7,0.1429,multiclass,UCR Archive (Plane) via AEON,1.0,1.0,1.0,1.0,0.9285714285714286,1.0,1.0,1.0,1.0,0.9814814814814815
timeseries,ts_plane,resnet1d,210,126,42,42,7,0.1429,multiclass,UCR Archive (Plane) via AEON,1.0,0.9761904761904762,0.9761904761904762,0.9761904761904762,0.7857142857142857,1.0,1.0,1.0,1.0,0.960978835978836
timeseries,ts_plane,rocket,210,126,42,42,7,0.1429,multiclass,UCR Archive (Plane) via AEON,1.0,1.0,1.0,1.0,0.7142857142857143,1.0,1.0,1.0,1.0,0.9781746031746031
timeseries,ts_sony_aibo,chronos_t5_small,621,372,124,125,2,0.438,binary,UCR Archive (SonyAIBORobotSurface1) via AEON,0.888,0.888,0.92,0.904,0.872,0.945974025974026,0.9787012987012986,0.9776623376623376,0.9796103896103896,0.9374025974025973
timeseries,ts_sony_aibo,minirocket,621,372,124,125,2,0.438,binary,UCR Archive (SonyAIBORobotSurface1) via AEON,0.968,0.984,0.976,0.968,0.928,0.9923376623376624,1.0,1.0,0.9981818181818182,0.995064935064935
timeseries,ts_sony_aibo,resnet1d,621,372,124,125,2,0.438,binary,UCR Archive (SonyAIBORobotSurface1) via AEON,0.968,0.976,0.976,0.976,0.944,0.9846753246753246,0.9992207792207792,0.9994805194805194,0.9974025974025974,0.9896103896103896
timeseries,ts_sony_aibo,rocket,621,372,124,125,2,0.438,binary,UCR Archive (SonyAIBORobotSurface1) via AEON,0.984,0.992,1.0,1.0,0.992,1.0,1.0,1.0,0.9999999999999999,1.0
timeseries,ts_strawberry,chronos_t5_small,983,589,197,197,2,0.3571,binary,UCR Archive (Strawberry) via AEON,0.8934010152284264,0.883248730964467,0.8883248730964467,0.883248730964467,0.8781725888324873,0.9459505061867267,0.9579302587176604,0.950281214848144,0.9501687289088865,0.9377952755905512
timeseries,ts_strawberry,minirocket,983,589,197,197,2,0.3571,binary,UCR Archive (Strawberry) via AEON,0.9238578680203046,0.9086294416243654,0.9289340101522843,0.9187817258883249,0.9035532994923858,0.964904386951631,0.9758155230596176,0.9793025871766029,0.9805399325084365,0.9704161979752531
timeseries,ts_strawberry,resnet1d,983,589,197,197,2,0.3571,binary,UCR Archive (Strawberry) via AEON,0.8578680203045685,0.9187817258883249,0.934010152284264,0.934010152284264,0.9238578680203046,0.9335770528683914,0.965466816647919,0.9744656917885264,0.9858830146231721,0.970416197975253
timeseries,ts_strawberry,rocket,983,589,197,197,2,0.3571,binary,UCR Archive (Strawberry) via AEON,0.9035532994923858,0.949238578680203,0.9543147208121827,0.9238578680203046,0.9187817258883249,0.9528683914510686,0.9845894263217099,0.9839145106861642,0.9825646794150732,0.9650168728908886
timeseries,ts_two_lead_ecg,chronos_t5_small,1162,696,233,233,2,0.5,binary,UCR Archive (TwoLeadECG) via AEON,0.9742489270386266,0.9828326180257511,0.9828326180257511,0.9828326180257511,0.9914163090128756,0.9938476274683171,0.9962422634836428,0.997789566755084,0.9991895078101974,0.9986737400530504
timeseries,ts_two_lead_ecg,minirocket,1162,696,233,233,2,0.5,binary,UCR Archive (TwoLeadECG) via AEON,0.9871244635193133,0.9957081545064378,0.9957081545064378,0.9957081545064378,0.9914163090128756,0.9997052755673446,0.9997052755673446,0.9998526377836723,1.0,1.0
timeseries,ts_two_lead_ecg,resnet1d,1162,696,233,233,2,0.5,binary,UCR Archive (TwoLeadECG) via AEON,0.9785407725321889,0.9871244635193133,0.9914163090128756,0.9957081545064378,0.944206008583691,0.992226643088712,0.998305334512231,0.9974211612142647,1.0,0.9879899793692898
timeseries,ts_two_lead_ecg,rocket,1162,696,233,233,2,0.5,binary,UCR Archive (TwoLeadECG) via AEON,0.9957081545064378,0.9957081545064378,1.0,0.9957081545064378,0.9957081545064378,0.9957264957264957,1.0,1.0,1.0,0.9998526377836723
timeseries,ts_wafer,chronos_t5_small,1000,702,149,149,2,0.097,,UCR Archive (Wafer),0.9798657718120806,0.9798657718120806,0.9798657718120806,0.9865771812080537,0.9395973154362416,0.9962962962962962,0.9936507936507936,0.9941798941798942,0.9984126984126984,0.9862433862433863
timeseries,ts_wafer,minirocket,1000,702,149,149,2,0.097,,UCR Archive (Wafer),1.0,1.0,1.0,1.0,1.0,1.0,1.0,1.0,1.0,1.0
timeseries,ts_wafer,resnet1d,1000,702,149,149,2,0.097,,UCR Archive (Wafer),0.9463087248322147,0.9664429530201343,0.9664429530201343,0.9932885906040269,0.959731543624161,0.8502645502645503,0.9089947089947089,0.9608465608465608,0.9994708994708994,0.9941798941798943
timeseries,ts_wafer,rocket,1000,702,149,149,2,0.097,,UCR Archive (Wafer),0.9932885906040269,1.0,1.0,1.0,0.9932885906040269,1.0,1.0,1.0,1.0,1.0
vision,vision_beans,beit_base_patch16_224,1034,620,207,207,3,0.3298,multiclass,HuggingFace (beans),0.8840579710144928,0.9178743961352657,0.9420289855072463,0.9082125603864735,0.8985507246376812,0.9742883787966542,0.9899997311658887,0.9890478220179384,0.9849893543554624,0.9770199235785489
vision,vision_beans,dinov2_small,1034,620,207,207,3,0.3298,multiclass,HuggingFace (beans),0.8647342995169082,0.8888888888888888,0.8888888888888888,0.8792270531400966,0.8695652173913043,0.9542614136870603,0.9739060948947157,0.9764759956649347,0.9771723943237242,0.96143708026915
vision,vision_beans,metaclip_b16,1034,620,207,207,3,0.3298,multiclass,HuggingFace (beans),0.9082125603864735,0.9516908212560387,0.9468599033816425,0.9227053140096618,0.927536231884058,0.9747802085160822,0.9954684746159733,0.9962001502110002,0.9920163911506203,0.9880673801884917
vision,vision_beans,siglip_base,1034,620,207,207,3,0.3298,multiclass,HuggingFace (beans),0.9178743961352657,0.927536231884058,0.9371980676328503,0.9033816425120773,0.8888888888888888,0.9613641214634899,0.98799271135141,0.9893511584342418,0.9798647071766022,0.9702215046684016
vision,vision_beans,vit_base_patch16_224,1034,620,207,207,3,0.3298,multiclass,HuggingFace (beans),0.8454106280193237,0.927536231884058,0.9227053140096618,0.8743961352657005,0.8502415458937198,0.9543277220667176,0.9860544765973449,0.9844868501205338,0.9710668162779749,0.9563965380885912
vision,vision_bloodmnist,beit_base_patch16_224,2000,1200,400,400,8,0.0745,multiclass,MedMNIST (bloodmnist),0.76,0.855,0.8825,0.8125,0.78,0.925232448024105,0.9813513412688254,0.9841317863450179,0.9788623175753851,0.9567901585417432
vision,vision_bloodmnist,dinov2_small,2000,1200,400,400,8,0.0745,multiclass,MedMNIST (bloodmnist),0.7175,0.84,0.835,0.8175,0.7225,0.8943481804827275,0.9725301525090586,0.9765127380748218,0.9701174534121623,0.939231635836332
vision,vision_bloodmnist,metaclip_b16,2000,1200,400,400,8,0.0745,multiclass,MedMNIST (bloodmnist),0.575,0.7225,0.725,0.6975,0.635,0.823999424534376,0.9307522263292106,0.9385059910706974,0.930832116576922,0.8895340476041289
vision,vision_bloodmnist,siglip_base,2000,1200,400,400,8,0.0745,multiclass,MedMNIST (bloodmnist),0.6825,0.7675,0.7775,0.745,0.6975,0.8972140922544471,0.9547559397043157,0.9580029274267814,0.9536676865886602,0.9202012400197803
vision,vision_bloodmnist,vit_base_patch16_224,2000,1200,400,400,8,0.0745,multiclass,MedMNIST (bloodmnist),0.72,0.855,0.8625,0.825,0.79,0.9098323952576252,0.9797667280072422,0.9815240254033352,0.9807874269918525,0.9610082922247214
vision,vision_breastmnist,beit_base_patch16_224,546,327,109,110,2,0.2692,binary,MedMNIST (breastmnist),0.8,0.8545454545454545,0.8363636363636363,0.8090909090909091,0.7818181818181819,0.7106250000000001,0.7925000000000001,0.7979166666666667,0.7379166666666667,0.7433333333333334
vision,vision_breastmnist,dinov2_small,546,327,109,110,2,0.2692,binary,MedMNIST (breastmnist),0.8181818181818182,0.8272727272727273,0.8545454545454545,0.8454545454545455,0.7363636363636363,0.7708333333333334,0.7920833333333334,0.8108333333333333,0.7783333333333333,0.7825
vision,vision_breastmnist,metaclip_b16,546,327,109,110,2,0.2692,binary,MedMNIST (breastmnist),0.7636363636363637,0.7454545454545455,0.8,0.7909090909090909,0.7454545454545455,0.6608333333333333,0.67,0.7283333333333333,0.6777083333333334,0.7020833333333333
vision,vision_breastmnist,siglip_base,546,327,109,110,2,0.2692,binary,MedMNIST (breastmnist),0.8272727272727273,0.8181818181818182,0.7909090909090909,0.7909090909090909,0.7818181818181819,0.7302083333333333,0.7912499999999999,0.7908333333333333,0.7116666666666667,0.77
vision,vision_breastmnist,vit_base_patch16_224,546,327,109,110,2,0.2692,binary,MedMNIST (breastmnist),0.7727272727272727,0.7909090909090909,0.8272727272727273,0.7272727272727273,0.7454545454545455,0.7295833333333334,0.73125,0.7654166666666666,0.65625,0.6825000000000001
vision,vision_cifar10,beit_base_patch16_224,600,432,84,84,10,0.0767,,HuggingFace (cifar10),1.0,0.9880952380952381,1.0,0.9642857142857143,0.9166666666666666,1.0,1.0,1.0,0.9995945945945947,0.998060137060137
vision,vision_cifar10,dinov2_small,600,432,84,84,10,0.0767,,HuggingFace (cifar10),0.9761904761904762,0.9761904761904762,0.9761904761904762,0.9761904761904762,0.8928571428571429,0.9861344052772625,0.9996663230948947,0.9996663230948947,0.9994807943379372,0.9870679839251268
vision,vision_cifar10,metaclip_b16,600,432,84,84,10,0.0767,,HuggingFace (cifar10),0.9285714285714286,0.9404761904761905,0.9166666666666666,0.9404761904761905,0.8809523809523809,0.9983173943173943,0.9972205696491411,0.9981167321167321,0.9996511896511897,0.9901266651266651
vision,vision_cifar10,siglip_base,600,432,84,84,10,0.0767,,HuggingFace (cifar10),0.9642857142857143,0.9642857142857143,0.9761904761904762,0.9523809523809523,0.9285714285714286,0.999671052631579,0.9993175127460843,0.9996381766381767,0.9980914522343094,0.9955423529709245
vision,vision_cifar10,vit_base_patch16_224,600,432,84,84,10,0.0767,,HuggingFace (cifar10),0.9761904761904762,0.9523809523809523,0.9523809523809523,0.9642857142857143,0.9166666666666666,0.9996511896511897,0.9996663230948947,0.9996663230948947,0.9994807943379372,0.9945767121481408
vision,vision_dermamnist,beit_base_patch16_224,2000,1200,400,400,7,0.012,multiclass,MedMNIST (dermamnist),0.6875,0.68,0.7175,0.705,0.6925,0.6787613588662769,0.8427912134836958,0.8461945183359715,0.8529867733789918,0.8216667439716411
vision,vision_dermamnist,dinov2_small,2000,1200,400,400,7,0.012,multiclass,MedMNIST (dermamnist),0.68,0.6525,0.72,0.7225,0.705,0.6781963006882883,0.813876510307782,0.8105672257985995,0.8431107103554897,0.7960588888840595
vision,vision_dermamnist,metaclip_b16,2000,1200,400,400,7,0.012,multiclass,MedMNIST (dermamnist),0.665,0.64,0.67,0.6775,0.7025,0.6638672581748878,0.8117019790754665,0.8146188344261635,0.8305514142998591,0.7844008863748699
vision,vision_dermamnist,siglip_base,2000,1200,400,400,7,0.012,multiclass,MedMNIST (dermamnist),0.685,0.6675,0.6975,0.6925,0.685,0.6798943521021056,0.825075397291837,0.851929750319032,0.8604159316950858,0.8175970241614109
vision,vision_dermamnist,vit_base_patch16_224,2000,1200,400,400,7,0.012,multiclass,MedMNIST (dermamnist),0.6725,0.6775,0.6825,0.6925,0.685,0.6926526215217962,0.8048321830993918,0.7909840892870327,0.8216885700807316,0.8049731149644821
vision,vision_fashion_mnist,beit_base_patch16_224,600,432,84,84,10,0.0917,,HuggingFace (fashion_mnist),0.8333333333333334,0.8452380952380952,0.8571428571428571,0.8809523809523809,0.7976190476190477,0.9472702241715399,0.979743664717349,0.981438596491228,0.9862760721247563,0.9660197368421052
vision,vision_fashion_mnist,dinov2_small,600,432,84,84,10,0.0917,,HuggingFace (fashion_mnist),0.8690476190476191,0.8452380952380952,0.8333333333333334,0.8333333333333334,0.8452380952380952,0.9641866471734891,0.9709763645224172,0.971567738791423,0.9794334795321638,0.9739030214424952
vision,vision_fashion_mnist,metaclip_b16,600,432,84,84,10,0.0917,,HuggingFace (fashion_mnist),0.8214285714285714,0.8690476190476191,0.8333333333333334,0.7976190476190477,0.7738095238095238,0.9649884259259259,0.9853720760233917,0.9871159844054581,0.9798089668615984,0.9727843567251464
vision,vision_fashion_mnist,siglip_base,600,432,84,84,10,0.0917,,HuggingFace (fashion_mnist),0.8333333333333334,0.8571428571428571,0.8571428571428571,0.8333333333333334,0.7738095238095238,0.9349014376218323,0.9828711013645224,0.9879395711500975,0.9797938596491228,0.9656805555555555
vision,vision_fashion_mnist,vit_base_patch16_224,600,432,84,84,10,0.0917,,HuggingFace (fashion_mnist),0.7857142857142857,0.75,0.8333333333333334,0.8095238095238095,0.7619047619047619,0.9519529727095517,0.969624269005848,0.9741642300194933,0.9735879629629629,0.9563133528265109
vision,vision_mnist,beit_base_patch16_224,1000,600,200,200,10,0.078,multiclass,HuggingFace (mnist),0.855,0.915,0.92,0.885,0.835,0.975824418096647,0.9928465550024598,0.9950146830145966,0.9911149346533762,0.9684410879637358
vision,vision_mnist,dinov2_small,1000,600,200,200,10,0.078,multiclass,HuggingFace (mnist),0.785,0.91,0.92,0.89,0.75,0.9430229637448544,0.9882029884010122,0.9893838915749086,0.9910302481011701,0.9664638570223983
vision,vision_mnist,metaclip_b16,1000,600,200,200,10,0.078,multiclass,HuggingFace (mnist),0.845,0.915,0.89,0.89,0.83,0.9579707644517217,0.9949188941401215,0.9945200328416146,0.9929136027972791,0.9631212069809578
vision,vision_mnist,siglip_base,1000,600,200,200,10,0.078,multiclass,HuggingFace (mnist),0.965,0.965,0.965,0.955,0.92,0.9908766257571606,0.9988960492637624,0.9989345308862878,0.9963114493091503,0.9946200259785375
vision,vision_mnist,vit_base_patch16_224,1000,600,200,200,10,0.078,multiclass,HuggingFace (mnist),0.74,0.82,0.855,0.83,0.73,0.9285844065955438,0.9832374685198145,0.9868158914951348,0.9821094372931765,0.9446434565861457
vision,vision_pneumoniamnist,beit_base_patch16_224,2000,1200,400,400,2,0.267,binary,MedMNIST (pneumoniamnist),0.9,0.92,0.9175,0.905,0.9075,0.9200519830573738,0.9555897830830445,0.9532152483634964,0.9515145680913875,0.9533756898986009
vision,vision_pneumoniamnist,dinov2_small,2000,1200,400,400,2,0.267,binary,MedMNIST (pneumoniamnist),0.91,0.93,0.9275,0.9375,0.9125,0.9563599024515466,0.9760942112694134,0.9765113592606853,0.9761423437299448,0.9708959055320242
vision,vision_pneumoniamnist,metaclip_b16,2000,1200,400,400,2,0.267,binary,MedMNIST (pneumoniamnist),0.88,0.8975,0.89,0.91,0.905,0.9225388268514952,0.9514503914773456,0.9455140546784752,0.9581889359517392,0.9532633808240277
vision,vision_pneumoniamnist,siglip_base,2000,1200,400,400,2,0.267,binary,MedMNIST (pneumoniamnist),0.85,0.8975,0.905,0.9,0.8825,0.9125593633679887,0.9588307020921576,0.9610768835836221,0.9581087151841867,0.9471826466435631
vision,vision_pneumoniamnist,vit_base_patch16_224,2000,1200,400,400,2,0.267,binary,MedMNIST (pneumoniamnist),0.8875,0.925,0.92,0.9125,0.9,0.9414548838403285,0.970960082146066,0.9695161083301245,0.966403542549095,0.9561352843024001
vision,vision_retinamnist,beit_base_patch16_224,1080,648,216,216,5,0.0611,multiclass,MedMNIST (retinamnist),0.49074074074074076,0.48148148148148145,0.4675925925925926,0.49074074074074076,0.48148148148148145,0.7168189919194751,0.7277076413333008,0.7302556086773858,0.7462082181079298,0.7479251670018904
vision,vision_retinamnist,dinov2_small,1080,648,216,216,5,0.0611,multiclass,MedMNIST (retinamnist),0.48148148148148145,0.4444444444444444,0.49074074074074076,0.5185185185185185,0.4537037037037037,0.6607539071305478,0.6983173756654655,0.7175126897661125,0.7345623396379453,0.7148213210710506
vision,vision_retinamnist,metaclip_b16,1080,648,216,216,5,0.0611,multiclass,MedMNIST (retinamnist),0.49537037037037035,0.5,0.5,0.5138888888888888,0.5324074074074074,0.6455276191494936,0.6857578357244402,0.7061936433277385,0.7006982709175984,0.7076586087806649
vision,vision_retinamnist,siglip_base,1080,648,216,216,5,0.0611,multiclass,MedMNIST (retinamnist),0.46296296296296297,0.46296296296296297,0.4537037037037037,0.46296296296296297,0.47685185185185186,0.6392521779237,0.7030318683487812,0.6805103184652747,0.7160009635572061,0.7164447326523194
vision,vision_retinamnist,vit_base_patch16_224,1080,648,216,216,5,0.0611,multiclass,MedMNIST (retinamnist),0.4861111111111111,0.4583333333333333,0.4583333333333333,0.46296296296296297,0.4583333333333333,0.6623445391216262,0.6930925111789545,0.7075224037778594,0.7174718860471325,0.7068788429371093
vision,vision_svhn,beit_base_patch16_224,600,428,86,86,10,0.0567,,HuggingFace (svhn),0.2441860465116279,0.3023255813953488,0.3372093023255814,0.3488372093023256,0.26744186046511625,0.608143974956475,0.7582600525345623,0.7626692316569768,0.758002892169559,0.6647531000668255
vision,vision_svhn,dinov2_small,600,428,86,86,10,0.0567,,HuggingFace (svhn),0.1744186046511628,0.23255813953488372,0.27906976744186046,0.22093023255813954,0.1744186046511628,0.5802367760823642,0.7048406526078096,0.7248549761760547,0.7010508771587205,0.5997827736675776
vision,vision_svhn,metaclip_b16,600,428,86,86,10,0.0567,,HuggingFace (svhn),0.27906976744186046,0.3953488372093023,0.4069767441860465,0.43023255813953487,0.26744186046511625,0.6364929501534894,0.7579195066719576,0.7641537936905584,0.713173090202502,0.663105701125309
vision,vision_svhn,siglip_base,600,428,86,86,10,0.0567,,HuggingFace (svhn),0.38372093023255816,0.5,0.5,0.5813953488372093,0.45348837209302323,0.7540094509359215,0.8659351929229381,0.883548568180921,0.8778942247349111,0.8293090909242871
vision,vision_svhn,vit_base_patch16_224,600,428,86,86,10,0.0567,,HuggingFace (svhn),0.18604651162790697,0.32558139534883723,0.26744186046511625,0.18604651162790697,0.22093023255813954,0.5967726352652823,0.6476808932397168,0.5955780086760478,0.6468915757910856,0.5975206016161898
